#
# TABLE STRUCTURE FOR: communities
#

USE vk;
DROP TABLE IF EXISTS `communities`;

CREATE TABLE `communities` (
  `id` bigint(20) unsigned NOT NULL AUTO_INCREMENT,
  `name` varchar(150) COLLATE utf8mb4_unicode_ci DEFAULT NULL,
  `admin_user_id` bigint(20) unsigned NOT NULL,
  UNIQUE KEY `id` (`id`),
  KEY `communities_name_idx` (`name`),
  KEY `admin_user_id` (`admin_user_id`),
  CONSTRAINT `communities_ibfk_1` FOREIGN KEY (`admin_user_id`) REFERENCES `users` (`id`)
) ENGINE=InnoDB AUTO_INCREMENT=101 DEFAULT CHARSET=utf8mb4 COLLATE=utf8mb4_unicode_ci;

INSERT INTO `communities` (`id`, `name`, `admin_user_id`) VALUES ('1', 'aut', '101');
INSERT INTO `communities` (`id`, `name`, `admin_user_id`) VALUES ('2', 'nobis', '102');
INSERT INTO `communities` (`id`, `name`, `admin_user_id`) VALUES ('3', 'repudiandae', '103');
INSERT INTO `communities` (`id`, `name`, `admin_user_id`) VALUES ('4', 'autem', '104');
INSERT INTO `communities` (`id`, `name`, `admin_user_id`) VALUES ('5', 'officiis', '106');
INSERT INTO `communities` (`id`, `name`, `admin_user_id`) VALUES ('6', 'id', '107');
INSERT INTO `communities` (`id`, `name`, `admin_user_id`) VALUES ('7', 'tempore', '109');
INSERT INTO `communities` (`id`, `name`, `admin_user_id`) VALUES ('8', 'in', '111');
INSERT INTO `communities` (`id`, `name`, `admin_user_id`) VALUES ('9', 'similique', '114');
INSERT INTO `communities` (`id`, `name`, `admin_user_id`) VALUES ('10', 'sapiente', '116');
INSERT INTO `communities` (`id`, `name`, `admin_user_id`) VALUES ('11', 'sit', '117');
INSERT INTO `communities` (`id`, `name`, `admin_user_id`) VALUES ('12', 'amet', '118');
INSERT INTO `communities` (`id`, `name`, `admin_user_id`) VALUES ('13', 'sunt', '120');
INSERT INTO `communities` (`id`, `name`, `admin_user_id`) VALUES ('14', 'vero', '121');
INSERT INTO `communities` (`id`, `name`, `admin_user_id`) VALUES ('15', 'consectetur', '122');
INSERT INTO `communities` (`id`, `name`, `admin_user_id`) VALUES ('16', 'debitis', '123');
INSERT INTO `communities` (`id`, `name`, `admin_user_id`) VALUES ('17', 'architecto', '124');
INSERT INTO `communities` (`id`, `name`, `admin_user_id`) VALUES ('18', 'id', '126');
INSERT INTO `communities` (`id`, `name`, `admin_user_id`) VALUES ('19', 'corporis', '127');
INSERT INTO `communities` (`id`, `name`, `admin_user_id`) VALUES ('20', 'porro', '129');
INSERT INTO `communities` (`id`, `name`, `admin_user_id`) VALUES ('21', 'sint', '131');
INSERT INTO `communities` (`id`, `name`, `admin_user_id`) VALUES ('22', 'sunt', '132');
INSERT INTO `communities` (`id`, `name`, `admin_user_id`) VALUES ('23', 'dolorum', '133');
INSERT INTO `communities` (`id`, `name`, `admin_user_id`) VALUES ('24', 'totam', '134');
INSERT INTO `communities` (`id`, `name`, `admin_user_id`) VALUES ('25', 'non', '135');
INSERT INTO `communities` (`id`, `name`, `admin_user_id`) VALUES ('26', 'repellendus', '136');
INSERT INTO `communities` (`id`, `name`, `admin_user_id`) VALUES ('27', 'harum', '137');
INSERT INTO `communities` (`id`, `name`, `admin_user_id`) VALUES ('28', 'ut', '138');
INSERT INTO `communities` (`id`, `name`, `admin_user_id`) VALUES ('29', 'vel', '140');
INSERT INTO `communities` (`id`, `name`, `admin_user_id`) VALUES ('30', 'qui', '142');
INSERT INTO `communities` (`id`, `name`, `admin_user_id`) VALUES ('31', 'ipsa', '144');
INSERT INTO `communities` (`id`, `name`, `admin_user_id`) VALUES ('32', 'dignissimos', '145');
INSERT INTO `communities` (`id`, `name`, `admin_user_id`) VALUES ('33', 'qui', '146');
INSERT INTO `communities` (`id`, `name`, `admin_user_id`) VALUES ('34', 'iure', '150');
INSERT INTO `communities` (`id`, `name`, `admin_user_id`) VALUES ('35', 'quam', '151');
INSERT INTO `communities` (`id`, `name`, `admin_user_id`) VALUES ('36', 'et', '152');
INSERT INTO `communities` (`id`, `name`, `admin_user_id`) VALUES ('37', 'impedit', '154');
INSERT INTO `communities` (`id`, `name`, `admin_user_id`) VALUES ('38', 'qui', '157');
INSERT INTO `communities` (`id`, `name`, `admin_user_id`) VALUES ('39', 'quis', '158');
INSERT INTO `communities` (`id`, `name`, `admin_user_id`) VALUES ('40', 'minus', '160');
INSERT INTO `communities` (`id`, `name`, `admin_user_id`) VALUES ('41', 'deleniti', '161');
INSERT INTO `communities` (`id`, `name`, `admin_user_id`) VALUES ('42', 'qui', '164');
INSERT INTO `communities` (`id`, `name`, `admin_user_id`) VALUES ('43', 'in', '168');
INSERT INTO `communities` (`id`, `name`, `admin_user_id`) VALUES ('44', 'sed', '177');
INSERT INTO `communities` (`id`, `name`, `admin_user_id`) VALUES ('45', 'et', '178');
INSERT INTO `communities` (`id`, `name`, `admin_user_id`) VALUES ('46', 'consequuntur', '179');
INSERT INTO `communities` (`id`, `name`, `admin_user_id`) VALUES ('47', 'rerum', '180');
INSERT INTO `communities` (`id`, `name`, `admin_user_id`) VALUES ('48', 'recusandae', '183');
INSERT INTO `communities` (`id`, `name`, `admin_user_id`) VALUES ('49', 'ullam', '185');
INSERT INTO `communities` (`id`, `name`, `admin_user_id`) VALUES ('50', 'sit', '188');
INSERT INTO `communities` (`id`, `name`, `admin_user_id`) VALUES ('51', 'delectus', '190');
INSERT INTO `communities` (`id`, `name`, `admin_user_id`) VALUES ('52', 'debitis', '191');
INSERT INTO `communities` (`id`, `name`, `admin_user_id`) VALUES ('53', 'ut', '192');
INSERT INTO `communities` (`id`, `name`, `admin_user_id`) VALUES ('54', 'ea', '193');
INSERT INTO `communities` (`id`, `name`, `admin_user_id`) VALUES ('55', 'harum', '194');
INSERT INTO `communities` (`id`, `name`, `admin_user_id`) VALUES ('56', 'qui', '195');
INSERT INTO `communities` (`id`, `name`, `admin_user_id`) VALUES ('57', 'itaque', '196');
INSERT INTO `communities` (`id`, `name`, `admin_user_id`) VALUES ('58', 'soluta', '199');
INSERT INTO `communities` (`id`, `name`, `admin_user_id`) VALUES ('59', 'voluptates', '101');
INSERT INTO `communities` (`id`, `name`, `admin_user_id`) VALUES ('60', 'et', '102');
INSERT INTO `communities` (`id`, `name`, `admin_user_id`) VALUES ('61', 'velit', '103');
INSERT INTO `communities` (`id`, `name`, `admin_user_id`) VALUES ('62', 'dolore', '104');
INSERT INTO `communities` (`id`, `name`, `admin_user_id`) VALUES ('63', 'eligendi', '106');
INSERT INTO `communities` (`id`, `name`, `admin_user_id`) VALUES ('64', 'aliquam', '107');
INSERT INTO `communities` (`id`, `name`, `admin_user_id`) VALUES ('65', 'rerum', '109');
INSERT INTO `communities` (`id`, `name`, `admin_user_id`) VALUES ('66', 'sunt', '111');
INSERT INTO `communities` (`id`, `name`, `admin_user_id`) VALUES ('67', 'eum', '114');
INSERT INTO `communities` (`id`, `name`, `admin_user_id`) VALUES ('68', 'eos', '116');
INSERT INTO `communities` (`id`, `name`, `admin_user_id`) VALUES ('69', 'voluptatibus', '117');
INSERT INTO `communities` (`id`, `name`, `admin_user_id`) VALUES ('70', 'et', '118');
INSERT INTO `communities` (`id`, `name`, `admin_user_id`) VALUES ('71', 'libero', '120');
INSERT INTO `communities` (`id`, `name`, `admin_user_id`) VALUES ('72', 'est', '121');
INSERT INTO `communities` (`id`, `name`, `admin_user_id`) VALUES ('73', 'aut', '122');
INSERT INTO `communities` (`id`, `name`, `admin_user_id`) VALUES ('74', 'sunt', '123');
INSERT INTO `communities` (`id`, `name`, `admin_user_id`) VALUES ('75', 'nihil', '124');
INSERT INTO `communities` (`id`, `name`, `admin_user_id`) VALUES ('76', 'dolor', '126');
INSERT INTO `communities` (`id`, `name`, `admin_user_id`) VALUES ('77', 'voluptates', '127');
INSERT INTO `communities` (`id`, `name`, `admin_user_id`) VALUES ('78', 'accusantium', '129');
INSERT INTO `communities` (`id`, `name`, `admin_user_id`) VALUES ('79', 'ut', '131');
INSERT INTO `communities` (`id`, `name`, `admin_user_id`) VALUES ('80', 'eligendi', '132');
INSERT INTO `communities` (`id`, `name`, `admin_user_id`) VALUES ('81', 'dolores', '133');
INSERT INTO `communities` (`id`, `name`, `admin_user_id`) VALUES ('82', 'id', '134');
INSERT INTO `communities` (`id`, `name`, `admin_user_id`) VALUES ('83', 'qui', '135');
INSERT INTO `communities` (`id`, `name`, `admin_user_id`) VALUES ('84', 'expedita', '136');
INSERT INTO `communities` (`id`, `name`, `admin_user_id`) VALUES ('85', 'et', '137');
INSERT INTO `communities` (`id`, `name`, `admin_user_id`) VALUES ('86', 'officiis', '138');
INSERT INTO `communities` (`id`, `name`, `admin_user_id`) VALUES ('87', 'sed', '140');
INSERT INTO `communities` (`id`, `name`, `admin_user_id`) VALUES ('88', 'rem', '142');
INSERT INTO `communities` (`id`, `name`, `admin_user_id`) VALUES ('89', 'nesciunt', '144');
INSERT INTO `communities` (`id`, `name`, `admin_user_id`) VALUES ('90', 'rerum', '145');
INSERT INTO `communities` (`id`, `name`, `admin_user_id`) VALUES ('91', 'nesciunt', '146');
INSERT INTO `communities` (`id`, `name`, `admin_user_id`) VALUES ('92', 'eos', '150');
INSERT INTO `communities` (`id`, `name`, `admin_user_id`) VALUES ('93', 'quo', '151');
INSERT INTO `communities` (`id`, `name`, `admin_user_id`) VALUES ('94', 'beatae', '152');
INSERT INTO `communities` (`id`, `name`, `admin_user_id`) VALUES ('95', 'eveniet', '154');
INSERT INTO `communities` (`id`, `name`, `admin_user_id`) VALUES ('96', 'illo', '157');
INSERT INTO `communities` (`id`, `name`, `admin_user_id`) VALUES ('97', 'ullam', '158');
INSERT INTO `communities` (`id`, `name`, `admin_user_id`) VALUES ('98', 'tenetur', '160');
INSERT INTO `communities` (`id`, `name`, `admin_user_id`) VALUES ('99', 'exercitationem', '161');
INSERT INTO `communities` (`id`, `name`, `admin_user_id`) VALUES ('100', 'et', '164');


#
# TABLE STRUCTURE FOR: friend_requests
#

DROP TABLE IF EXISTS `friend_requests`;

CREATE TABLE `friend_requests` (
  `initiator_user_id` bigint(20) unsigned NOT NULL,
  `target_user_id` bigint(20) unsigned NOT NULL,
  `status` enum('requested','approved','declined','unfriended') COLLATE utf8mb4_unicode_ci DEFAULT NULL,
  `requested_at` datetime DEFAULT current_timestamp(),
  `updated_at` datetime DEFAULT NULL ON UPDATE current_timestamp(),
  PRIMARY KEY (`initiator_user_id`,`target_user_id`),
  KEY `target_user_id` (`target_user_id`),
  CONSTRAINT `friend_requests_ibfk_1` FOREIGN KEY (`initiator_user_id`) REFERENCES `users` (`id`),
  CONSTRAINT `friend_requests_ibfk_2` FOREIGN KEY (`target_user_id`) REFERENCES `users` (`id`)
) ENGINE=InnoDB DEFAULT CHARSET=utf8mb4 COLLATE=utf8mb4_unicode_ci;

INSERT INTO `friend_requests` (`initiator_user_id`, `target_user_id`, `status`, `requested_at`, `updated_at`) VALUES ('101', '101', 'declined', '1981-08-30 09:09:53', '2015-01-20 18:07:23');
INSERT INTO `friend_requests` (`initiator_user_id`, `target_user_id`, `status`, `requested_at`, `updated_at`) VALUES ('102', '102', 'declined', '1997-11-07 20:19:06', '1976-02-26 07:35:44');
INSERT INTO `friend_requests` (`initiator_user_id`, `target_user_id`, `status`, `requested_at`, `updated_at`) VALUES ('103', '103', 'unfriended', '1971-04-18 13:06:12', '2006-05-26 14:59:54');
INSERT INTO `friend_requests` (`initiator_user_id`, `target_user_id`, `status`, `requested_at`, `updated_at`) VALUES ('104', '104', 'unfriended', '2003-07-01 22:28:15', '1991-11-24 18:34:00');
INSERT INTO `friend_requests` (`initiator_user_id`, `target_user_id`, `status`, `requested_at`, `updated_at`) VALUES ('106', '106', 'requested', '2004-08-13 21:59:59', '1990-11-29 00:21:46');
INSERT INTO `friend_requests` (`initiator_user_id`, `target_user_id`, `status`, `requested_at`, `updated_at`) VALUES ('107', '107', 'requested', '2003-03-05 02:09:18', '2009-11-30 17:29:34');
INSERT INTO `friend_requests` (`initiator_user_id`, `target_user_id`, `status`, `requested_at`, `updated_at`) VALUES ('109', '109', 'approved', '2003-07-24 06:30:32', '1988-06-15 03:32:33');
INSERT INTO `friend_requests` (`initiator_user_id`, `target_user_id`, `status`, `requested_at`, `updated_at`) VALUES ('111', '111', 'requested', '2011-07-03 17:30:41', '1982-07-24 06:33:19');
INSERT INTO `friend_requests` (`initiator_user_id`, `target_user_id`, `status`, `requested_at`, `updated_at`) VALUES ('114', '114', 'approved', '2018-05-13 18:45:23', '1970-05-30 20:26:25');
INSERT INTO `friend_requests` (`initiator_user_id`, `target_user_id`, `status`, `requested_at`, `updated_at`) VALUES ('116', '116', 'declined', '2021-03-28 00:40:46', '2018-03-13 19:36:53');
INSERT INTO `friend_requests` (`initiator_user_id`, `target_user_id`, `status`, `requested_at`, `updated_at`) VALUES ('117', '117', 'declined', '1980-12-26 03:33:25', '1988-03-21 11:12:25');
INSERT INTO `friend_requests` (`initiator_user_id`, `target_user_id`, `status`, `requested_at`, `updated_at`) VALUES ('118', '118', 'unfriended', '1973-11-10 09:28:58', '2009-01-24 04:53:09');
INSERT INTO `friend_requests` (`initiator_user_id`, `target_user_id`, `status`, `requested_at`, `updated_at`) VALUES ('120', '120', 'approved', '2013-09-04 05:51:55', '2010-11-07 03:09:35');
INSERT INTO `friend_requests` (`initiator_user_id`, `target_user_id`, `status`, `requested_at`, `updated_at`) VALUES ('121', '121', 'requested', '2021-09-04 08:18:02', '2004-03-28 19:34:21');
INSERT INTO `friend_requests` (`initiator_user_id`, `target_user_id`, `status`, `requested_at`, `updated_at`) VALUES ('122', '122', 'requested', '2004-10-29 17:41:13', '1990-08-11 17:50:24');
INSERT INTO `friend_requests` (`initiator_user_id`, `target_user_id`, `status`, `requested_at`, `updated_at`) VALUES ('123', '123', 'approved', '2021-12-30 10:38:17', '1994-01-12 01:23:13');
INSERT INTO `friend_requests` (`initiator_user_id`, `target_user_id`, `status`, `requested_at`, `updated_at`) VALUES ('124', '124', 'unfriended', '2010-09-30 00:50:08', '2012-01-19 09:37:00');
INSERT INTO `friend_requests` (`initiator_user_id`, `target_user_id`, `status`, `requested_at`, `updated_at`) VALUES ('126', '126', 'approved', '2017-06-07 17:34:25', '1997-12-05 03:02:28');
INSERT INTO `friend_requests` (`initiator_user_id`, `target_user_id`, `status`, `requested_at`, `updated_at`) VALUES ('127', '127', 'requested', '1986-01-26 00:43:04', '2019-06-29 08:06:12');
INSERT INTO `friend_requests` (`initiator_user_id`, `target_user_id`, `status`, `requested_at`, `updated_at`) VALUES ('129', '129', 'unfriended', '2019-08-14 17:03:34', '2011-06-23 17:10:25');
INSERT INTO `friend_requests` (`initiator_user_id`, `target_user_id`, `status`, `requested_at`, `updated_at`) VALUES ('131', '131', 'unfriended', '2009-01-12 03:03:23', '2003-07-12 23:59:20');
INSERT INTO `friend_requests` (`initiator_user_id`, `target_user_id`, `status`, `requested_at`, `updated_at`) VALUES ('132', '132', 'unfriended', '2011-06-15 07:51:35', '1982-08-20 02:29:18');
INSERT INTO `friend_requests` (`initiator_user_id`, `target_user_id`, `status`, `requested_at`, `updated_at`) VALUES ('133', '133', 'approved', '2017-06-15 09:52:17', '2006-09-25 13:57:20');
INSERT INTO `friend_requests` (`initiator_user_id`, `target_user_id`, `status`, `requested_at`, `updated_at`) VALUES ('134', '134', 'approved', '1990-04-26 00:00:48', '2011-03-19 14:49:59');
INSERT INTO `friend_requests` (`initiator_user_id`, `target_user_id`, `status`, `requested_at`, `updated_at`) VALUES ('135', '135', 'approved', '2010-02-21 17:46:04', '1982-11-20 05:09:55');
INSERT INTO `friend_requests` (`initiator_user_id`, `target_user_id`, `status`, `requested_at`, `updated_at`) VALUES ('136', '136', 'requested', '1980-03-31 14:18:19', '2007-08-26 14:40:49');
INSERT INTO `friend_requests` (`initiator_user_id`, `target_user_id`, `status`, `requested_at`, `updated_at`) VALUES ('137', '137', 'unfriended', '2017-12-29 18:16:55', '2007-10-14 18:52:00');
INSERT INTO `friend_requests` (`initiator_user_id`, `target_user_id`, `status`, `requested_at`, `updated_at`) VALUES ('138', '138', 'requested', '1981-05-20 17:38:33', '1977-10-19 14:02:56');
INSERT INTO `friend_requests` (`initiator_user_id`, `target_user_id`, `status`, `requested_at`, `updated_at`) VALUES ('140', '140', 'approved', '2018-08-04 22:42:13', '2018-04-07 01:06:51');
INSERT INTO `friend_requests` (`initiator_user_id`, `target_user_id`, `status`, `requested_at`, `updated_at`) VALUES ('142', '142', 'requested', '1988-06-13 17:19:28', '1974-10-17 10:06:27');
INSERT INTO `friend_requests` (`initiator_user_id`, `target_user_id`, `status`, `requested_at`, `updated_at`) VALUES ('144', '144', 'declined', '1991-06-06 06:04:50', '2018-01-13 20:36:08');
INSERT INTO `friend_requests` (`initiator_user_id`, `target_user_id`, `status`, `requested_at`, `updated_at`) VALUES ('145', '145', 'unfriended', '2017-08-27 02:22:32', '2007-03-08 22:05:12');
INSERT INTO `friend_requests` (`initiator_user_id`, `target_user_id`, `status`, `requested_at`, `updated_at`) VALUES ('146', '146', 'unfriended', '1986-07-18 23:58:56', '2013-01-13 12:53:05');
INSERT INTO `friend_requests` (`initiator_user_id`, `target_user_id`, `status`, `requested_at`, `updated_at`) VALUES ('150', '150', 'approved', '1972-12-17 06:58:57', '2013-12-05 04:14:30');
INSERT INTO `friend_requests` (`initiator_user_id`, `target_user_id`, `status`, `requested_at`, `updated_at`) VALUES ('151', '151', 'approved', '2018-10-11 21:13:33', '2005-01-15 07:34:04');
INSERT INTO `friend_requests` (`initiator_user_id`, `target_user_id`, `status`, `requested_at`, `updated_at`) VALUES ('152', '152', 'requested', '2008-04-01 09:49:25', '1996-01-05 09:06:00');
INSERT INTO `friend_requests` (`initiator_user_id`, `target_user_id`, `status`, `requested_at`, `updated_at`) VALUES ('154', '154', 'declined', '1992-12-10 19:53:04', '2020-07-22 23:48:44');
INSERT INTO `friend_requests` (`initiator_user_id`, `target_user_id`, `status`, `requested_at`, `updated_at`) VALUES ('157', '157', 'approved', '1996-06-23 03:35:10', '1970-03-29 12:08:42');
INSERT INTO `friend_requests` (`initiator_user_id`, `target_user_id`, `status`, `requested_at`, `updated_at`) VALUES ('158', '158', 'unfriended', '2002-09-08 18:06:53', '1993-08-27 04:10:36');
INSERT INTO `friend_requests` (`initiator_user_id`, `target_user_id`, `status`, `requested_at`, `updated_at`) VALUES ('160', '160', 'declined', '2008-08-12 18:22:54', '1971-01-02 05:42:47');
INSERT INTO `friend_requests` (`initiator_user_id`, `target_user_id`, `status`, `requested_at`, `updated_at`) VALUES ('161', '161', 'unfriended', '1999-11-01 03:04:26', '2003-09-30 08:12:15');
INSERT INTO `friend_requests` (`initiator_user_id`, `target_user_id`, `status`, `requested_at`, `updated_at`) VALUES ('164', '164', 'approved', '1982-12-05 20:25:28', '2021-11-17 06:47:51');
INSERT INTO `friend_requests` (`initiator_user_id`, `target_user_id`, `status`, `requested_at`, `updated_at`) VALUES ('168', '168', 'approved', '1971-02-15 08:56:38', '2018-01-21 09:34:49');
INSERT INTO `friend_requests` (`initiator_user_id`, `target_user_id`, `status`, `requested_at`, `updated_at`) VALUES ('177', '177', 'unfriended', '1979-08-05 12:42:13', '1987-05-31 19:27:51');
INSERT INTO `friend_requests` (`initiator_user_id`, `target_user_id`, `status`, `requested_at`, `updated_at`) VALUES ('178', '178', 'requested', '2014-07-05 15:35:37', '1973-07-04 08:25:56');
INSERT INTO `friend_requests` (`initiator_user_id`, `target_user_id`, `status`, `requested_at`, `updated_at`) VALUES ('179', '179', 'declined', '1981-08-15 20:51:44', '2001-08-21 12:36:25');
INSERT INTO `friend_requests` (`initiator_user_id`, `target_user_id`, `status`, `requested_at`, `updated_at`) VALUES ('180', '180', 'requested', '2004-10-19 01:01:57', '1988-06-23 20:06:09');
INSERT INTO `friend_requests` (`initiator_user_id`, `target_user_id`, `status`, `requested_at`, `updated_at`) VALUES ('183', '183', 'declined', '1981-06-14 21:32:35', '1977-12-04 23:10:47');
INSERT INTO `friend_requests` (`initiator_user_id`, `target_user_id`, `status`, `requested_at`, `updated_at`) VALUES ('185', '185', 'requested', '1985-12-26 14:39:17', '1999-03-15 06:01:14');
INSERT INTO `friend_requests` (`initiator_user_id`, `target_user_id`, `status`, `requested_at`, `updated_at`) VALUES ('188', '188', 'approved', '2006-11-24 03:24:59', '1978-07-11 15:45:53');
INSERT INTO `friend_requests` (`initiator_user_id`, `target_user_id`, `status`, `requested_at`, `updated_at`) VALUES ('190', '190', 'unfriended', '2008-08-15 11:15:21', '2002-08-01 13:43:27');
INSERT INTO `friend_requests` (`initiator_user_id`, `target_user_id`, `status`, `requested_at`, `updated_at`) VALUES ('191', '191', 'unfriended', '1989-08-02 13:14:37', '2005-03-21 13:44:52');
INSERT INTO `friend_requests` (`initiator_user_id`, `target_user_id`, `status`, `requested_at`, `updated_at`) VALUES ('192', '192', 'requested', '2000-02-01 17:28:53', '1974-08-08 03:44:01');
INSERT INTO `friend_requests` (`initiator_user_id`, `target_user_id`, `status`, `requested_at`, `updated_at`) VALUES ('193', '193', 'unfriended', '1980-12-29 14:23:42', '2002-08-20 02:35:13');
INSERT INTO `friend_requests` (`initiator_user_id`, `target_user_id`, `status`, `requested_at`, `updated_at`) VALUES ('194', '194', 'requested', '1993-05-23 23:46:42', '2000-12-19 01:36:36');
INSERT INTO `friend_requests` (`initiator_user_id`, `target_user_id`, `status`, `requested_at`, `updated_at`) VALUES ('195', '195', 'requested', '1988-05-02 20:39:40', '2004-03-20 09:22:49');
INSERT INTO `friend_requests` (`initiator_user_id`, `target_user_id`, `status`, `requested_at`, `updated_at`) VALUES ('196', '196', 'approved', '1986-08-15 22:32:54', '2012-04-11 18:06:10');
INSERT INTO `friend_requests` (`initiator_user_id`, `target_user_id`, `status`, `requested_at`, `updated_at`) VALUES ('199', '199', 'requested', '1999-02-16 13:33:07', '2013-02-15 22:13:25');


#
# TABLE STRUCTURE FOR: likes
#

DROP TABLE IF EXISTS `likes`;

CREATE TABLE `likes` (
  `id` bigint(20) unsigned NOT NULL AUTO_INCREMENT,
  `user_id` bigint(20) unsigned NOT NULL,
  `media_id` bigint(20) unsigned NOT NULL,
  `created_at` datetime DEFAULT current_timestamp(),
  UNIQUE KEY `id` (`id`)
) ENGINE=InnoDB AUTO_INCREMENT=101 DEFAULT CHARSET=utf8mb4 COLLATE=utf8mb4_unicode_ci;

INSERT INTO `likes` (`id`, `user_id`, `media_id`, `created_at`) VALUES ('1', '101', '1', '2017-04-08 15:08:26');
INSERT INTO `likes` (`id`, `user_id`, `media_id`, `created_at`) VALUES ('2', '102', '2', '1975-07-25 22:27:51');
INSERT INTO `likes` (`id`, `user_id`, `media_id`, `created_at`) VALUES ('3', '103', '3', '1996-03-12 05:50:05');
INSERT INTO `likes` (`id`, `user_id`, `media_id`, `created_at`) VALUES ('4', '104', '4', '1988-05-03 15:20:42');
INSERT INTO `likes` (`id`, `user_id`, `media_id`, `created_at`) VALUES ('5', '106', '5', '1999-04-12 06:29:33');
INSERT INTO `likes` (`id`, `user_id`, `media_id`, `created_at`) VALUES ('6', '107', '6', '2014-05-24 12:59:24');
INSERT INTO `likes` (`id`, `user_id`, `media_id`, `created_at`) VALUES ('7', '109', '7', '1981-10-18 12:20:03');
INSERT INTO `likes` (`id`, `user_id`, `media_id`, `created_at`) VALUES ('8', '111', '8', '2017-10-31 13:24:47');
INSERT INTO `likes` (`id`, `user_id`, `media_id`, `created_at`) VALUES ('9', '114', '9', '1972-10-05 09:45:55');
INSERT INTO `likes` (`id`, `user_id`, `media_id`, `created_at`) VALUES ('10', '116', '10', '2008-08-21 23:18:09');
INSERT INTO `likes` (`id`, `user_id`, `media_id`, `created_at`) VALUES ('11', '117', '11', '2013-05-30 11:40:31');
INSERT INTO `likes` (`id`, `user_id`, `media_id`, `created_at`) VALUES ('12', '118', '12', '1992-05-13 22:12:55');
INSERT INTO `likes` (`id`, `user_id`, `media_id`, `created_at`) VALUES ('13', '120', '13', '1980-09-14 09:54:56');
INSERT INTO `likes` (`id`, `user_id`, `media_id`, `created_at`) VALUES ('14', '121', '14', '1980-11-18 12:16:14');
INSERT INTO `likes` (`id`, `user_id`, `media_id`, `created_at`) VALUES ('15', '122', '15', '1983-03-02 10:04:51');
INSERT INTO `likes` (`id`, `user_id`, `media_id`, `created_at`) VALUES ('16', '123', '16', '1980-02-01 13:08:25');
INSERT INTO `likes` (`id`, `user_id`, `media_id`, `created_at`) VALUES ('17', '124', '17', '2012-06-27 22:58:38');
INSERT INTO `likes` (`id`, `user_id`, `media_id`, `created_at`) VALUES ('18', '126', '18', '1983-04-08 04:17:19');
INSERT INTO `likes` (`id`, `user_id`, `media_id`, `created_at`) VALUES ('19', '127', '19', '1976-09-21 05:44:34');
INSERT INTO `likes` (`id`, `user_id`, `media_id`, `created_at`) VALUES ('20', '129', '20', '1977-07-17 22:02:43');
INSERT INTO `likes` (`id`, `user_id`, `media_id`, `created_at`) VALUES ('21', '131', '21', '2004-06-08 02:15:19');
INSERT INTO `likes` (`id`, `user_id`, `media_id`, `created_at`) VALUES ('22', '132', '22', '2020-04-14 12:52:37');
INSERT INTO `likes` (`id`, `user_id`, `media_id`, `created_at`) VALUES ('23', '133', '23', '2013-05-01 16:50:13');
INSERT INTO `likes` (`id`, `user_id`, `media_id`, `created_at`) VALUES ('24', '134', '24', '1986-05-06 18:30:06');
INSERT INTO `likes` (`id`, `user_id`, `media_id`, `created_at`) VALUES ('25', '135', '25', '2000-01-23 00:24:41');
INSERT INTO `likes` (`id`, `user_id`, `media_id`, `created_at`) VALUES ('26', '136', '26', '1971-12-18 02:59:32');
INSERT INTO `likes` (`id`, `user_id`, `media_id`, `created_at`) VALUES ('27', '137', '27', '2009-09-09 23:52:04');
INSERT INTO `likes` (`id`, `user_id`, `media_id`, `created_at`) VALUES ('28', '138', '28', '1982-11-06 16:25:28');
INSERT INTO `likes` (`id`, `user_id`, `media_id`, `created_at`) VALUES ('29', '140', '29', '2014-07-03 01:50:39');
INSERT INTO `likes` (`id`, `user_id`, `media_id`, `created_at`) VALUES ('30', '142', '30', '2018-03-14 05:57:52');
INSERT INTO `likes` (`id`, `user_id`, `media_id`, `created_at`) VALUES ('31', '144', '31', '2001-03-20 05:08:03');
INSERT INTO `likes` (`id`, `user_id`, `media_id`, `created_at`) VALUES ('32', '145', '32', '1995-10-12 03:55:30');
INSERT INTO `likes` (`id`, `user_id`, `media_id`, `created_at`) VALUES ('33', '146', '33', '2010-09-13 16:11:47');
INSERT INTO `likes` (`id`, `user_id`, `media_id`, `created_at`) VALUES ('34', '150', '34', '1978-02-16 21:36:08');
INSERT INTO `likes` (`id`, `user_id`, `media_id`, `created_at`) VALUES ('35', '151', '35', '2011-01-31 19:34:29');
INSERT INTO `likes` (`id`, `user_id`, `media_id`, `created_at`) VALUES ('36', '152', '36', '1984-03-11 14:24:09');
INSERT INTO `likes` (`id`, `user_id`, `media_id`, `created_at`) VALUES ('37', '154', '37', '1980-09-28 11:20:24');
INSERT INTO `likes` (`id`, `user_id`, `media_id`, `created_at`) VALUES ('38', '157', '38', '1977-07-21 03:01:21');
INSERT INTO `likes` (`id`, `user_id`, `media_id`, `created_at`) VALUES ('39', '158', '39', '2013-06-20 16:21:34');
INSERT INTO `likes` (`id`, `user_id`, `media_id`, `created_at`) VALUES ('40', '160', '40', '1993-08-17 05:59:21');
INSERT INTO `likes` (`id`, `user_id`, `media_id`, `created_at`) VALUES ('41', '161', '41', '1993-11-24 05:11:08');
INSERT INTO `likes` (`id`, `user_id`, `media_id`, `created_at`) VALUES ('42', '164', '42', '2003-01-13 05:24:06');
INSERT INTO `likes` (`id`, `user_id`, `media_id`, `created_at`) VALUES ('43', '168', '43', '2015-06-18 20:18:26');
INSERT INTO `likes` (`id`, `user_id`, `media_id`, `created_at`) VALUES ('44', '177', '44', '1996-08-09 22:05:19');
INSERT INTO `likes` (`id`, `user_id`, `media_id`, `created_at`) VALUES ('45', '178', '45', '2009-11-30 17:04:14');
INSERT INTO `likes` (`id`, `user_id`, `media_id`, `created_at`) VALUES ('46', '179', '46', '2019-06-01 11:41:58');
INSERT INTO `likes` (`id`, `user_id`, `media_id`, `created_at`) VALUES ('47', '180', '47', '1978-09-03 21:32:43');
INSERT INTO `likes` (`id`, `user_id`, `media_id`, `created_at`) VALUES ('48', '183', '48', '1983-11-13 22:21:49');
INSERT INTO `likes` (`id`, `user_id`, `media_id`, `created_at`) VALUES ('49', '185', '49', '2007-07-20 19:20:02');
INSERT INTO `likes` (`id`, `user_id`, `media_id`, `created_at`) VALUES ('50', '188', '50', '1978-07-14 10:38:26');
INSERT INTO `likes` (`id`, `user_id`, `media_id`, `created_at`) VALUES ('51', '190', '51', '2000-03-25 17:12:46');
INSERT INTO `likes` (`id`, `user_id`, `media_id`, `created_at`) VALUES ('52', '191', '52', '2014-08-21 12:46:26');
INSERT INTO `likes` (`id`, `user_id`, `media_id`, `created_at`) VALUES ('53', '192', '53', '2001-11-02 01:36:30');
INSERT INTO `likes` (`id`, `user_id`, `media_id`, `created_at`) VALUES ('54', '193', '54', '1979-11-04 13:35:43');
INSERT INTO `likes` (`id`, `user_id`, `media_id`, `created_at`) VALUES ('55', '194', '55', '1970-10-02 09:36:58');
INSERT INTO `likes` (`id`, `user_id`, `media_id`, `created_at`) VALUES ('56', '195', '56', '2007-04-20 11:09:46');
INSERT INTO `likes` (`id`, `user_id`, `media_id`, `created_at`) VALUES ('57', '196', '57', '1991-10-23 02:31:44');
INSERT INTO `likes` (`id`, `user_id`, `media_id`, `created_at`) VALUES ('58', '199', '58', '2014-05-13 03:11:05');
INSERT INTO `likes` (`id`, `user_id`, `media_id`, `created_at`) VALUES ('59', '101', '59', '2019-05-15 08:38:47');
INSERT INTO `likes` (`id`, `user_id`, `media_id`, `created_at`) VALUES ('60', '102', '60', '1982-10-22 10:12:00');
INSERT INTO `likes` (`id`, `user_id`, `media_id`, `created_at`) VALUES ('61', '103', '61', '1973-06-15 22:59:11');
INSERT INTO `likes` (`id`, `user_id`, `media_id`, `created_at`) VALUES ('62', '104', '62', '2020-12-03 12:13:18');
INSERT INTO `likes` (`id`, `user_id`, `media_id`, `created_at`) VALUES ('63', '106', '63', '2019-01-06 02:39:42');
INSERT INTO `likes` (`id`, `user_id`, `media_id`, `created_at`) VALUES ('64', '107', '64', '2014-05-29 00:14:41');
INSERT INTO `likes` (`id`, `user_id`, `media_id`, `created_at`) VALUES ('65', '109', '65', '1992-02-14 18:23:05');
INSERT INTO `likes` (`id`, `user_id`, `media_id`, `created_at`) VALUES ('66', '111', '66', '2016-05-05 07:26:49');
INSERT INTO `likes` (`id`, `user_id`, `media_id`, `created_at`) VALUES ('67', '114', '67', '2001-09-28 19:11:32');
INSERT INTO `likes` (`id`, `user_id`, `media_id`, `created_at`) VALUES ('68', '116', '68', '2017-09-19 07:00:08');
INSERT INTO `likes` (`id`, `user_id`, `media_id`, `created_at`) VALUES ('69', '117', '69', '2009-07-29 08:41:02');
INSERT INTO `likes` (`id`, `user_id`, `media_id`, `created_at`) VALUES ('70', '118', '70', '1993-01-14 05:15:33');
INSERT INTO `likes` (`id`, `user_id`, `media_id`, `created_at`) VALUES ('71', '120', '71', '1987-04-03 19:02:43');
INSERT INTO `likes` (`id`, `user_id`, `media_id`, `created_at`) VALUES ('72', '121', '72', '2006-05-09 04:08:00');
INSERT INTO `likes` (`id`, `user_id`, `media_id`, `created_at`) VALUES ('73', '122', '73', '2014-06-11 03:34:28');
INSERT INTO `likes` (`id`, `user_id`, `media_id`, `created_at`) VALUES ('74', '123', '74', '2009-05-23 01:29:54');
INSERT INTO `likes` (`id`, `user_id`, `media_id`, `created_at`) VALUES ('75', '124', '75', '1996-04-07 11:19:47');
INSERT INTO `likes` (`id`, `user_id`, `media_id`, `created_at`) VALUES ('76', '126', '76', '2011-11-29 13:42:30');
INSERT INTO `likes` (`id`, `user_id`, `media_id`, `created_at`) VALUES ('77', '127', '77', '2002-08-25 16:35:17');
INSERT INTO `likes` (`id`, `user_id`, `media_id`, `created_at`) VALUES ('78', '129', '78', '1995-10-14 08:49:00');
INSERT INTO `likes` (`id`, `user_id`, `media_id`, `created_at`) VALUES ('79', '131', '79', '1978-09-17 13:34:44');
INSERT INTO `likes` (`id`, `user_id`, `media_id`, `created_at`) VALUES ('80', '132', '80', '2003-10-08 12:00:27');
INSERT INTO `likes` (`id`, `user_id`, `media_id`, `created_at`) VALUES ('81', '133', '81', '1996-05-19 06:52:18');
INSERT INTO `likes` (`id`, `user_id`, `media_id`, `created_at`) VALUES ('82', '134', '82', '1970-04-08 22:07:27');
INSERT INTO `likes` (`id`, `user_id`, `media_id`, `created_at`) VALUES ('83', '135', '83', '2004-12-12 03:09:08');
INSERT INTO `likes` (`id`, `user_id`, `media_id`, `created_at`) VALUES ('84', '136', '84', '2021-01-01 19:01:28');
INSERT INTO `likes` (`id`, `user_id`, `media_id`, `created_at`) VALUES ('85', '137', '85', '2021-10-29 18:58:04');
INSERT INTO `likes` (`id`, `user_id`, `media_id`, `created_at`) VALUES ('86', '138', '86', '2004-12-15 05:48:02');
INSERT INTO `likes` (`id`, `user_id`, `media_id`, `created_at`) VALUES ('87', '140', '87', '1999-08-18 13:20:38');
INSERT INTO `likes` (`id`, `user_id`, `media_id`, `created_at`) VALUES ('88', '142', '88', '1974-08-31 15:28:08');
INSERT INTO `likes` (`id`, `user_id`, `media_id`, `created_at`) VALUES ('89', '144', '89', '2001-04-06 06:44:29');
INSERT INTO `likes` (`id`, `user_id`, `media_id`, `created_at`) VALUES ('90', '145', '90', '1983-11-28 00:23:51');
INSERT INTO `likes` (`id`, `user_id`, `media_id`, `created_at`) VALUES ('91', '146', '91', '1975-07-07 15:57:07');
INSERT INTO `likes` (`id`, `user_id`, `media_id`, `created_at`) VALUES ('92', '150', '92', '2002-01-15 06:05:53');
INSERT INTO `likes` (`id`, `user_id`, `media_id`, `created_at`) VALUES ('93', '151', '93', '1988-04-25 01:57:14');
INSERT INTO `likes` (`id`, `user_id`, `media_id`, `created_at`) VALUES ('94', '152', '94', '1986-07-21 19:53:34');
INSERT INTO `likes` (`id`, `user_id`, `media_id`, `created_at`) VALUES ('95', '154', '95', '1987-09-23 17:12:49');
INSERT INTO `likes` (`id`, `user_id`, `media_id`, `created_at`) VALUES ('96', '157', '96', '1990-08-15 03:33:44');
INSERT INTO `likes` (`id`, `user_id`, `media_id`, `created_at`) VALUES ('97', '158', '97', '2009-08-11 07:37:17');
INSERT INTO `likes` (`id`, `user_id`, `media_id`, `created_at`) VALUES ('98', '160', '98', '2003-06-16 14:59:55');
INSERT INTO `likes` (`id`, `user_id`, `media_id`, `created_at`) VALUES ('99', '161', '99', '1997-03-25 01:23:47');
INSERT INTO `likes` (`id`, `user_id`, `media_id`, `created_at`) VALUES ('100', '164', '100', '2015-03-30 02:46:10');


#
# TABLE STRUCTURE FOR: media
#

DROP TABLE IF EXISTS `media`;

CREATE TABLE `media` (
  `id` bigint(20) unsigned NOT NULL AUTO_INCREMENT,
  `media_type_id` bigint(20) unsigned NOT NULL,
  `user_id` bigint(20) unsigned NOT NULL,
  `body` text COLLATE utf8mb4_unicode_ci DEFAULT NULL,
  `filename` varchar(255) COLLATE utf8mb4_unicode_ci DEFAULT NULL,
  `size` int(11) DEFAULT NULL,
  `metadata` longtext CHARACTER SET utf8mb4 COLLATE utf8mb4_bin DEFAULT NULL CHECK (json_valid(`metadata`)),
  `created_at` datetime DEFAULT current_timestamp(),
  `updated_at` datetime DEFAULT NULL ON UPDATE current_timestamp(),
  UNIQUE KEY `id` (`id`),
  KEY `user_id` (`user_id`),
  KEY `media_type_id` (`media_type_id`),
  CONSTRAINT `media_ibfk_1` FOREIGN KEY (`user_id`) REFERENCES `users` (`id`),
  CONSTRAINT `media_ibfk_2` FOREIGN KEY (`media_type_id`) REFERENCES `media_types` (`id`)
) ENGINE=InnoDB AUTO_INCREMENT=101 DEFAULT CHARSET=utf8mb4 COLLATE=utf8mb4_unicode_ci;

INSERT INTO `media` (`id`, `media_type_id`, `user_id`, `body`, `filename`, `size`, `metadata`, `created_at`, `updated_at`) VALUES ('1', '1', '101', 'Perspiciatis nihil necessitatibus molestiae voluptatibus voluptatum facilis. Consequatur dolores cumque sed. Eos temporibus tempore sed nihil. Soluta voluptatum tempore omnis id veritatis alias praesentium.', 'hic', 9570, NULL, '1971-07-13 18:27:30', '1985-07-16 19:33:15');
INSERT INTO `media` (`id`, `media_type_id`, `user_id`, `body`, `filename`, `size`, `metadata`, `created_at`, `updated_at`) VALUES ('2', '2', '102', 'Doloremque mollitia dolorum consequatur reiciendis. Aut at est omnis repudiandae nemo quae. Eum eos et adipisci. Illum est suscipit aut aliquid impedit quis.', 'est', 2, NULL, '1981-04-20 16:51:25', '2021-06-27 10:12:40');
INSERT INTO `media` (`id`, `media_type_id`, `user_id`, `body`, `filename`, `size`, `metadata`, `created_at`, `updated_at`) VALUES ('3', '3', '103', 'Harum rerum velit modi rerum. Sed accusamus non repellendus. Fugit omnis sint nostrum illum soluta in non voluptatibus.', 'quaerat', 54131432, NULL, '2012-09-25 19:54:58', '2020-12-09 10:33:28');
INSERT INTO `media` (`id`, `media_type_id`, `user_id`, `body`, `filename`, `size`, `metadata`, `created_at`, `updated_at`) VALUES ('4', '4', '104', 'Quos omnis tenetur molestias ut. Nostrum tempora aut expedita iste modi provident. Alias recusandae illo et inventore et magnam et.', 'dolores', 1, NULL, '1978-04-19 13:10:55', '2018-11-25 18:14:59');
INSERT INTO `media` (`id`, `media_type_id`, `user_id`, `body`, `filename`, `size`, `metadata`, `created_at`, `updated_at`) VALUES ('5', '5', '106', 'Ipsa commodi magnam aut libero. Nostrum quia esse facere neque rerum debitis. Labore eos suscipit omnis libero beatae numquam debitis. Fugiat est qui commodi amet aspernatur.', 'est', 20, NULL, '1985-03-30 15:51:10', '1991-05-28 01:57:46');
INSERT INTO `media` (`id`, `media_type_id`, `user_id`, `body`, `filename`, `size`, `metadata`, `created_at`, `updated_at`) VALUES ('6', '6', '107', 'Beatae dolores quasi adipisci ipsa. Reprehenderit natus facilis eos qui aut rem. Cum odio fugiat enim dicta ut minima impedit iste.', 'voluptatum', 5048, NULL, '1990-02-24 21:06:26', '1997-06-13 10:39:59');
INSERT INTO `media` (`id`, `media_type_id`, `user_id`, `body`, `filename`, `size`, `metadata`, `created_at`, `updated_at`) VALUES ('7', '7', '109', 'Iure omnis possimus reprehenderit repellendus placeat. Quia et cum ratione ex ex. Velit quibusdam nam qui voluptates voluptas commodi commodi. Optio possimus corporis voluptatem est voluptatem magni.', 'quibusdam', 7879239, NULL, '1989-12-16 12:38:05', '1977-01-07 03:19:34');
INSERT INTO `media` (`id`, `media_type_id`, `user_id`, `body`, `filename`, `size`, `metadata`, `created_at`, `updated_at`) VALUES ('8', '8', '111', 'Ipsam quas ipsam velit voluptates est corporis. Est quae neque aut et quo eius. Nostrum quae earum culpa aut quasi magni dicta. Nemo rerum corporis ea cum.', 'sunt', 155980, NULL, '2016-03-24 08:44:20', '2006-07-08 14:57:44');
INSERT INTO `media` (`id`, `media_type_id`, `user_id`, `body`, `filename`, `size`, `metadata`, `created_at`, `updated_at`) VALUES ('9', '9', '114', 'Atque fugit inventore nihil iste. Tenetur omnis dolorem minus est voluptas placeat. Qui impedit aliquid excepturi at vitae sed dolorem. Voluptatem voluptas minus molestias ut ea.', 'rerum', 508687, NULL, '1971-11-03 02:33:34', '2018-01-12 09:58:31');
INSERT INTO `media` (`id`, `media_type_id`, `user_id`, `body`, `filename`, `size`, `metadata`, `created_at`, `updated_at`) VALUES ('10', '10', '116', 'At reprehenderit recusandae voluptas sint vero. Voluptatibus molestiae odit perferendis consectetur atque. Doloremque eaque aut voluptatem reiciendis. Rerum maiores aperiam non non vel omnis repellendus. Aut maxime ad qui ab ut id.', 'quae', 4, NULL, '2006-07-06 05:43:10', '2015-08-12 02:47:55');
INSERT INTO `media` (`id`, `media_type_id`, `user_id`, `body`, `filename`, `size`, `metadata`, `created_at`, `updated_at`) VALUES ('11', '11', '117', 'Perspiciatis qui est error velit harum non exercitationem. Sunt voluptate pariatur consequatur quos. Est a iure delectus.', 'qui', 22933891, NULL, '1979-07-27 11:10:11', '2013-01-06 19:23:53');
INSERT INTO `media` (`id`, `media_type_id`, `user_id`, `body`, `filename`, `size`, `metadata`, `created_at`, `updated_at`) VALUES ('12', '12', '118', 'Harum nihil sequi optio ut. Alias necessitatibus qui iusto omnis. Magnam fugiat et consequatur tempore beatae minus adipisci. Culpa consequatur velit ut voluptate voluptatem vero.', 'dicta', 13, NULL, '1996-07-15 16:03:34', '2004-08-11 21:30:05');
INSERT INTO `media` (`id`, `media_type_id`, `user_id`, `body`, `filename`, `size`, `metadata`, `created_at`, `updated_at`) VALUES ('13', '13', '120', 'Asperiores deserunt cupiditate quia ipsam aut velit eos. Qui quidem expedita est. Labore est nemo architecto amet cum vero.', 'cum', 53, NULL, '1997-03-22 17:24:08', '2000-07-22 15:02:19');
INSERT INTO `media` (`id`, `media_type_id`, `user_id`, `body`, `filename`, `size`, `metadata`, `created_at`, `updated_at`) VALUES ('14', '14', '121', 'Repellat omnis maiores reiciendis ratione sint necessitatibus. Rerum repellat quia eaque quis aut accusamus quia. Omnis atque placeat corrupti excepturi. Repellendus est consequatur et facilis.', 'quis', 4194337, NULL, '2019-02-03 13:01:49', '1983-12-15 14:52:32');
INSERT INTO `media` (`id`, `media_type_id`, `user_id`, `body`, `filename`, `size`, `metadata`, `created_at`, `updated_at`) VALUES ('15', '15', '122', 'Sunt adipisci fugiat quia eum. Est harum quis dicta ut. Dolores veniam laudantium ipsum.', 'quaerat', 564, NULL, '1998-09-30 16:55:27', '1994-07-18 00:28:12');
INSERT INTO `media` (`id`, `media_type_id`, `user_id`, `body`, `filename`, `size`, `metadata`, `created_at`, `updated_at`) VALUES ('16', '16', '123', 'Dicta tempore officia voluptas voluptatibus. Autem eius dignissimos ea ut quae officia soluta voluptatem. Minima ut repudiandae excepturi magni dolorem. Quia odit at sed sed iure.', 'magnam', 0, NULL, '1990-11-06 16:07:09', '1977-01-20 11:21:18');
INSERT INTO `media` (`id`, `media_type_id`, `user_id`, `body`, `filename`, `size`, `metadata`, `created_at`, `updated_at`) VALUES ('17', '17', '124', 'Mollitia voluptates quis accusamus rerum voluptatem voluptas. Voluptatem occaecati perspiciatis quibusdam ullam. Minima dolore molestias illo cumque. Enim blanditiis rerum eligendi qui saepe.', 'placeat', 3, NULL, '2020-11-10 19:17:56', '1982-09-24 03:40:11');
INSERT INTO `media` (`id`, `media_type_id`, `user_id`, `body`, `filename`, `size`, `metadata`, `created_at`, `updated_at`) VALUES ('18', '18', '126', 'Voluptatem praesentium deleniti quaerat repudiandae. Iusto eum sed voluptatibus sint eos sint adipisci doloremque. Est illo fugit at voluptate.', 'necessitatibus', 84, NULL, '1999-09-23 05:44:48', '2014-08-06 12:34:29');
INSERT INTO `media` (`id`, `media_type_id`, `user_id`, `body`, `filename`, `size`, `metadata`, `created_at`, `updated_at`) VALUES ('19', '19', '127', 'Facilis enim quasi dolore et error consequuntur. Adipisci in voluptatem ut quas similique non non. Qui dolor et corrupti cupiditate reprehenderit sit omnis.', 'deleniti', 87890215, NULL, '1970-06-26 09:27:56', '2019-10-13 03:05:03');
INSERT INTO `media` (`id`, `media_type_id`, `user_id`, `body`, `filename`, `size`, `metadata`, `created_at`, `updated_at`) VALUES ('20', '20', '129', 'Delectus quis dignissimos optio. Consequatur dolorem sed sapiente dicta. Quasi est quaerat incidunt ullam.', 'magni', 886326002, NULL, '2017-05-12 06:07:37', '2014-10-21 02:21:11');
INSERT INTO `media` (`id`, `media_type_id`, `user_id`, `body`, `filename`, `size`, `metadata`, `created_at`, `updated_at`) VALUES ('21', '21', '131', 'Necessitatibus vero expedita vel consequatur doloribus. Magnam ipsam qui aperiam distinctio vero optio. Voluptatem nobis nihil dolores esse in illum. Quidem molestiae exercitationem et quia aliquid aut quia.', 'quo', 74839496, NULL, '1972-04-10 13:22:22', '1974-07-25 11:51:24');
INSERT INTO `media` (`id`, `media_type_id`, `user_id`, `body`, `filename`, `size`, `metadata`, `created_at`, `updated_at`) VALUES ('22', '22', '132', 'Alias cum voluptate natus. Ex voluptatum nam consequatur odio optio vel est.', 'dolor', 815810, NULL, '1970-06-11 14:40:31', '1991-04-23 18:23:30');
INSERT INTO `media` (`id`, `media_type_id`, `user_id`, `body`, `filename`, `size`, `metadata`, `created_at`, `updated_at`) VALUES ('23', '23', '133', 'Sed autem odit vel illum dignissimos voluptatem nihil quam. Aut ab laborum asperiores atque sunt nulla. Assumenda deserunt libero facilis at et explicabo. Perspiciatis qui ut est consequatur esse.', 'rem', 1, NULL, '1979-04-13 03:26:25', '2020-04-01 10:54:00');
INSERT INTO `media` (`id`, `media_type_id`, `user_id`, `body`, `filename`, `size`, `metadata`, `created_at`, `updated_at`) VALUES ('24', '24', '134', 'Ut quos omnis cupiditate. Iusto explicabo eum quibusdam est voluptatem quas voluptatem. Beatae exercitationem quia tenetur nisi sed.', 'doloremque', 600802220, NULL, '1974-10-24 13:01:49', '1998-01-12 05:43:17');
INSERT INTO `media` (`id`, `media_type_id`, `user_id`, `body`, `filename`, `size`, `metadata`, `created_at`, `updated_at`) VALUES ('25', '25', '135', 'Voluptas sapiente asperiores doloremque pariatur nemo nisi. Corrupti est velit tempore mollitia nihil autem.', 'repellendus', 5, NULL, '1976-02-25 16:03:38', '2001-01-17 14:17:55');
INSERT INTO `media` (`id`, `media_type_id`, `user_id`, `body`, `filename`, `size`, `metadata`, `created_at`, `updated_at`) VALUES ('26', '26', '136', 'Quo laboriosam blanditiis debitis mollitia et unde aspernatur. Dolorum expedita voluptas quisquam velit explicabo autem architecto. Eos non hic est occaecati nihil facilis voluptates. Aut tempore et odio iste. Fugit dolores eum quia velit quasi repudiandae quaerat.', 'eum', 87, NULL, '1971-12-26 21:48:09', '2018-08-26 09:14:29');
INSERT INTO `media` (`id`, `media_type_id`, `user_id`, `body`, `filename`, `size`, `metadata`, `created_at`, `updated_at`) VALUES ('27', '27', '137', 'Totam ullam labore reprehenderit et facere et at. Cupiditate quisquam voluptatem eos minima fuga et. Ut ut facilis et. Vel voluptas culpa mollitia et.', 'odio', 946030222, NULL, '1990-12-25 01:42:46', '2014-04-27 18:28:28');
INSERT INTO `media` (`id`, `media_type_id`, `user_id`, `body`, `filename`, `size`, `metadata`, `created_at`, `updated_at`) VALUES ('28', '28', '138', 'Sed aliquid ut vel corrupti dolorem. Consectetur quia cumque maiores quia. Id magnam fugit laboriosam inventore rem recusandae. Adipisci fuga corporis quasi quod dignissimos aliquam veritatis. Voluptas et excepturi est distinctio alias aut id.', 'reprehenderit', 56, NULL, '1996-11-15 03:04:13', '1991-11-29 07:55:47');
INSERT INTO `media` (`id`, `media_type_id`, `user_id`, `body`, `filename`, `size`, `metadata`, `created_at`, `updated_at`) VALUES ('29', '29', '140', 'Velit ex voluptatem quas vero tempore dolores doloremque. Accusantium tenetur temporibus accusantium quas. Atque et quos velit velit quo molestiae soluta. Error ratione facilis eveniet ea.', 'id', 739487874, NULL, '1975-04-02 15:12:03', '1992-11-27 20:29:36');
INSERT INTO `media` (`id`, `media_type_id`, `user_id`, `body`, `filename`, `size`, `metadata`, `created_at`, `updated_at`) VALUES ('30', '30', '142', 'Ut consequuntur et natus labore ipsum voluptatum. Quibusdam qui consequatur quo quia. Earum sit sapiente aut magnam omnis. Eos sunt voluptas neque consequatur hic dolores sit.', 'non', 0, NULL, '2004-04-25 03:56:21', '2001-10-11 10:59:47');
INSERT INTO `media` (`id`, `media_type_id`, `user_id`, `body`, `filename`, `size`, `metadata`, `created_at`, `updated_at`) VALUES ('31', '31', '144', 'Enim aliquam quia eum perferendis suscipit nam earum. Sed quasi cumque ut id reprehenderit esse voluptatum voluptatem. At ratione iure rem. Minus dignissimos pariatur ut cumque et sequi illum.', 'nihil', 99, NULL, '1994-01-19 23:42:12', '1988-11-10 21:23:33');
INSERT INTO `media` (`id`, `media_type_id`, `user_id`, `body`, `filename`, `size`, `metadata`, `created_at`, `updated_at`) VALUES ('32', '32', '145', 'Voluptas reprehenderit et saepe. Iusto delectus quos assumenda et sit atque. Perspiciatis doloribus et dolorum saepe sint rerum ratione ut. Sint eaque aut aut provident occaecati rerum.', 'perferendis', 334, NULL, '1999-09-25 19:03:24', '2005-07-23 03:59:14');
INSERT INTO `media` (`id`, `media_type_id`, `user_id`, `body`, `filename`, `size`, `metadata`, `created_at`, `updated_at`) VALUES ('33', '33', '146', 'Nihil officiis vitae corrupti consequuntur quia commodi. Facilis dicta consequatur enim iure id voluptatum impedit. Ad distinctio voluptatum odit. Rerum minus maiores et labore sed voluptates vel.', 'non', 2, NULL, '1975-12-20 15:30:08', '1984-08-08 17:50:46');
INSERT INTO `media` (`id`, `media_type_id`, `user_id`, `body`, `filename`, `size`, `metadata`, `created_at`, `updated_at`) VALUES ('34', '34', '150', 'Enim ex enim repellendus quo consectetur. Nam voluptas odit sit provident expedita quia vel rerum. Et in voluptatibus quisquam. Architecto deserunt rerum sunt tempora id quod consectetur.', 'rerum', 732, NULL, '1976-05-14 03:10:54', '2001-05-19 04:40:41');
INSERT INTO `media` (`id`, `media_type_id`, `user_id`, `body`, `filename`, `size`, `metadata`, `created_at`, `updated_at`) VALUES ('35', '35', '151', 'Aut nihil nihil accusantium accusamus atque esse. Molestiae veritatis cum repellendus cum reiciendis rerum quia. Voluptatem fugit dolorem nobis id et omnis. Voluptatem quia et quisquam et eos. Quod a ea harum magni molestiae.', 'earum', 8, NULL, '2020-01-02 15:12:47', '1981-05-03 01:34:03');
INSERT INTO `media` (`id`, `media_type_id`, `user_id`, `body`, `filename`, `size`, `metadata`, `created_at`, `updated_at`) VALUES ('36', '36', '152', 'Laborum magnam enim nihil accusantium et molestias. Sit dignissimos eos dolorem amet id nihil accusamus nam. Modi voluptatem sed occaecati aut. Quaerat ut delectus et explicabo minus dicta.', 'libero', 289108, NULL, '2005-02-09 20:07:56', '2013-04-05 01:47:32');
INSERT INTO `media` (`id`, `media_type_id`, `user_id`, `body`, `filename`, `size`, `metadata`, `created_at`, `updated_at`) VALUES ('37', '37', '154', 'Saepe earum ratione nulla incidunt expedita molestias nostrum. Blanditiis porro cumque nobis assumenda. Enim deleniti iste assumenda ut dicta dicta sed commodi. Ipsum animi nam labore molestiae ea et.', 'ut', 14681, NULL, '2003-11-04 15:16:41', '2009-06-14 03:40:08');
INSERT INTO `media` (`id`, `media_type_id`, `user_id`, `body`, `filename`, `size`, `metadata`, `created_at`, `updated_at`) VALUES ('38', '38', '157', 'Eaque temporibus ut necessitatibus saepe adipisci sit dicta. Quis enim eos explicabo distinctio. Non sit necessitatibus non at temporibus magnam nemo. Vero et libero dolores ipsum.', 'pariatur', 386, NULL, '1983-09-29 01:08:05', '2013-06-18 02:57:57');
INSERT INTO `media` (`id`, `media_type_id`, `user_id`, `body`, `filename`, `size`, `metadata`, `created_at`, `updated_at`) VALUES ('39', '39', '158', 'Et id dolor eos qui maxime nostrum. Omnis deserunt ut placeat quia eligendi qui occaecati doloribus. Qui magnam quis illum et quasi est.', 'tempora', 0, NULL, '1983-07-28 21:39:10', '2006-03-11 22:07:14');
INSERT INTO `media` (`id`, `media_type_id`, `user_id`, `body`, `filename`, `size`, `metadata`, `created_at`, `updated_at`) VALUES ('40', '40', '160', 'Aspernatur soluta beatae rem est sit delectus voluptatem. Rerum inventore dolor vel. Eum nisi voluptatem molestiae est sapiente. Sit voluptatibus magni aut enim aut.', 'at', 722, NULL, '2018-06-22 22:39:40', '1973-12-17 11:22:38');
INSERT INTO `media` (`id`, `media_type_id`, `user_id`, `body`, `filename`, `size`, `metadata`, `created_at`, `updated_at`) VALUES ('41', '41', '161', 'Animi accusamus similique nihil laudantium. Est velit minima hic mollitia sit est cumque. Veniam officiis dolorum voluptates dignissimos aut qui quia.', 'similique', 8544, NULL, '1970-09-21 09:52:14', '1975-03-24 08:09:53');
INSERT INTO `media` (`id`, `media_type_id`, `user_id`, `body`, `filename`, `size`, `metadata`, `created_at`, `updated_at`) VALUES ('42', '42', '164', 'Delectus enim laudantium molestias tempora nam similique. Vel quo et incidunt non fugit dolorem. Veniam voluptate dolor veniam dicta. Sed error dolorem consequatur quam quas consequatur blanditiis. Non necessitatibus tenetur quia eligendi qui ullam.', 'est', 2, NULL, '1979-04-26 10:13:09', '1986-01-14 14:01:18');
INSERT INTO `media` (`id`, `media_type_id`, `user_id`, `body`, `filename`, `size`, `metadata`, `created_at`, `updated_at`) VALUES ('43', '43', '168', 'Aut eius natus et. Dolorem natus sunt possimus quisquam eos officia nam. Debitis animi voluptatem ut saepe delectus natus.', 'amet', 38, NULL, '2019-01-31 15:17:06', '2016-01-07 21:43:10');
INSERT INTO `media` (`id`, `media_type_id`, `user_id`, `body`, `filename`, `size`, `metadata`, `created_at`, `updated_at`) VALUES ('44', '44', '177', 'Enim sint ea et aliquid. Quasi ea dicta doloribus ut. Iure magnam consequuntur ullam magnam nihil.', 'corporis', 17293, NULL, '1988-08-02 04:57:14', '2017-01-01 08:32:13');
INSERT INTO `media` (`id`, `media_type_id`, `user_id`, `body`, `filename`, `size`, `metadata`, `created_at`, `updated_at`) VALUES ('45', '45', '178', 'Est est a sunt asperiores qui et. Omnis delectus nobis qui nisi omnis laborum consequuntur sint. Est possimus rerum aut nihil repudiandae dolores velit eius. Eveniet distinctio sed sit cupiditate.', 'quaerat', 95525, NULL, '1994-02-02 17:35:25', '1988-08-02 19:37:46');
INSERT INTO `media` (`id`, `media_type_id`, `user_id`, `body`, `filename`, `size`, `metadata`, `created_at`, `updated_at`) VALUES ('46', '46', '179', 'Culpa consequatur deserunt quod ipsam. Nostrum tempore exercitationem non vero repellat ad. Aut ratione beatae quidem.', 'repellat', 6, NULL, '2015-12-19 20:39:14', '1991-11-03 18:56:42');
INSERT INTO `media` (`id`, `media_type_id`, `user_id`, `body`, `filename`, `size`, `metadata`, `created_at`, `updated_at`) VALUES ('47', '47', '180', 'Magnam molestiae voluptatem esse iusto et atque vel. Id nesciunt magni vel. Ipsam omnis eaque dicta illo enim.', 'et', 0, NULL, '1993-02-27 22:37:05', '1973-02-13 17:10:22');
INSERT INTO `media` (`id`, `media_type_id`, `user_id`, `body`, `filename`, `size`, `metadata`, `created_at`, `updated_at`) VALUES ('48', '48', '183', 'Molestias repellat dolores sit voluptatum fuga. Voluptatibus officiis sunt quia quaerat qui illum. Quas optio sit optio nam. Earum ad optio nostrum. Ea quos sint sint expedita deleniti laborum odit.', 'velit', 925321, NULL, '2014-09-15 03:23:24', '1981-01-22 17:57:44');
INSERT INTO `media` (`id`, `media_type_id`, `user_id`, `body`, `filename`, `size`, `metadata`, `created_at`, `updated_at`) VALUES ('49', '49', '185', 'Corrupti id quisquam a aperiam laborum rerum eligendi expedita. Ipsam voluptas et aperiam enim voluptatem nemo assumenda. Unde vel qui ea velit iure consectetur enim explicabo.', 'ut', 481, NULL, '1995-07-01 07:29:10', '2022-01-04 01:27:36');
INSERT INTO `media` (`id`, `media_type_id`, `user_id`, `body`, `filename`, `size`, `metadata`, `created_at`, `updated_at`) VALUES ('50', '50', '188', 'Cum cumque aut ut. Harum nesciunt dolorem quia esse minus ea vel. Voluptatem tenetur voluptas est ipsa molestiae dolorem nam rerum.', 'sapiente', 617700, NULL, '1988-04-24 08:49:27', '1996-04-30 02:23:39');
INSERT INTO `media` (`id`, `media_type_id`, `user_id`, `body`, `filename`, `size`, `metadata`, `created_at`, `updated_at`) VALUES ('51', '51', '190', 'Consequatur autem et occaecati molestiae est iste. Molestias quia incidunt mollitia id rerum qui. Quasi et labore consequuntur expedita sequi possimus sed. Error labore dolor sint impedit quia rerum.', 'aliquid', 212979, NULL, '2012-11-30 00:03:48', '1995-08-05 09:42:32');
INSERT INTO `media` (`id`, `media_type_id`, `user_id`, `body`, `filename`, `size`, `metadata`, `created_at`, `updated_at`) VALUES ('52', '52', '191', 'Quidem et et at id autem. Id nihil fugit labore dolores quam. Corporis tempore soluta repudiandae. Delectus illo in sit et reprehenderit officiis.', 'non', 1, NULL, '1992-02-08 19:28:54', '1978-03-20 17:40:49');
INSERT INTO `media` (`id`, `media_type_id`, `user_id`, `body`, `filename`, `size`, `metadata`, `created_at`, `updated_at`) VALUES ('53', '53', '192', 'Non itaque voluptatem nisi. Totam commodi aut libero. Ipsum repudiandae ratione commodi a.', 'est', 164, NULL, '1985-01-13 23:57:51', '2009-10-21 17:58:40');
INSERT INTO `media` (`id`, `media_type_id`, `user_id`, `body`, `filename`, `size`, `metadata`, `created_at`, `updated_at`) VALUES ('54', '54', '193', 'Molestiae libero consequatur veniam officia quas quia est. Accusantium eum molestiae ex dolorum numquam. Quo aliquid totam deserunt esse dolorem. Nesciunt sint mollitia praesentium aut.', 'omnis', 21249, NULL, '2002-12-02 13:23:47', '2020-11-15 09:39:24');
INSERT INTO `media` (`id`, `media_type_id`, `user_id`, `body`, `filename`, `size`, `metadata`, `created_at`, `updated_at`) VALUES ('55', '55', '194', 'Sit asperiores molestiae amet ut eos quasi. Numquam fuga eius ducimus alias maxime quod blanditiis. Et dolorem aliquam sapiente delectus earum. Consequatur voluptatem quis assumenda pariatur at.', 'magni', 62388471, NULL, '1992-10-03 04:17:22', '2008-02-26 20:57:27');
INSERT INTO `media` (`id`, `media_type_id`, `user_id`, `body`, `filename`, `size`, `metadata`, `created_at`, `updated_at`) VALUES ('56', '56', '195', 'Quas debitis est nihil sit non cupiditate. Aut possimus aut magnam ipsum enim sed ea.', 'sapiente', 623, NULL, '1989-09-29 03:53:51', '1993-05-11 02:56:02');
INSERT INTO `media` (`id`, `media_type_id`, `user_id`, `body`, `filename`, `size`, `metadata`, `created_at`, `updated_at`) VALUES ('57', '57', '196', 'Qui officia quaerat deserunt qui. Quae error quia similique nisi. Inventore labore ut rerum fuga nobis voluptatem repudiandae. Aut saepe et iste tempore explicabo aliquam.', 'odit', 606525690, NULL, '1972-05-30 08:24:27', '1989-07-19 22:50:05');
INSERT INTO `media` (`id`, `media_type_id`, `user_id`, `body`, `filename`, `size`, `metadata`, `created_at`, `updated_at`) VALUES ('58', '58', '199', 'Dolor voluptas consequatur sint et libero aliquid. Assumenda dolor consequatur sunt ut molestiae. Illum enim qui quos sapiente vel sunt. Molestiae omnis repellendus porro quasi expedita consectetur rerum.', 'non', 580880609, NULL, '2021-11-01 23:39:00', '1978-06-07 05:57:57');
INSERT INTO `media` (`id`, `media_type_id`, `user_id`, `body`, `filename`, `size`, `metadata`, `created_at`, `updated_at`) VALUES ('59', '59', '101', 'Ipsam voluptates illum voluptatum qui quia. Sit ut quia molestiae. Accusamus rem dolores necessitatibus odit impedit. Voluptatem quasi nihil doloribus voluptatibus omnis.', 'placeat', 837261301, NULL, '1979-08-19 10:11:37', '1977-01-21 10:25:37');
INSERT INTO `media` (`id`, `media_type_id`, `user_id`, `body`, `filename`, `size`, `metadata`, `created_at`, `updated_at`) VALUES ('60', '60', '102', 'Saepe laboriosam nisi vitae voluptatem. Veritatis accusamus porro laudantium tenetur. Autem et temporibus error necessitatibus. Vel amet doloribus sunt officia.', 'similique', 526, NULL, '2010-12-04 08:11:15', '1993-06-13 22:36:06');
INSERT INTO `media` (`id`, `media_type_id`, `user_id`, `body`, `filename`, `size`, `metadata`, `created_at`, `updated_at`) VALUES ('61', '61', '103', 'Et non mollitia eum reiciendis porro. Labore eius id ex error sunt. Nisi tempore nisi aliquid. Dolor non eum vel tenetur doloremque consequuntur.', 'perferendis', 96896892, NULL, '1997-07-25 07:37:09', '1976-03-24 18:25:02');
INSERT INTO `media` (`id`, `media_type_id`, `user_id`, `body`, `filename`, `size`, `metadata`, `created_at`, `updated_at`) VALUES ('62', '62', '104', 'Eveniet perferendis dignissimos minima eos saepe. Distinctio similique illum doloribus aut unde quia ut. Accusantium similique autem vel qui aut similique.', 'ut', 6121113, NULL, '1972-10-19 13:48:14', '2020-02-14 13:20:46');
INSERT INTO `media` (`id`, `media_type_id`, `user_id`, `body`, `filename`, `size`, `metadata`, `created_at`, `updated_at`) VALUES ('63', '63', '106', 'Et fugit possimus est qui. Quo corrupti cum expedita. Tenetur dolor cumque et delectus ullam illum. Reprehenderit omnis ipsam nisi facere et.', 'qui', 3, NULL, '2016-06-13 04:50:08', '2015-11-12 22:44:22');
INSERT INTO `media` (`id`, `media_type_id`, `user_id`, `body`, `filename`, `size`, `metadata`, `created_at`, `updated_at`) VALUES ('64', '64', '107', 'Dolorem dignissimos est tempora id quia. Tenetur suscipit necessitatibus mollitia quidem perspiciatis consectetur laborum. Beatae quasi laboriosam laboriosam ipsa ut voluptates doloribus.', 'recusandae', 73, NULL, '2002-12-19 06:42:10', '1972-10-29 20:43:14');
INSERT INTO `media` (`id`, `media_type_id`, `user_id`, `body`, `filename`, `size`, `metadata`, `created_at`, `updated_at`) VALUES ('65', '65', '109', 'Numquam dicta itaque illum. Minus nam maxime enim aut at accusamus excepturi. Accusantium et sunt mollitia mollitia nisi possimus. Voluptates atque qui atque distinctio id rerum. Voluptatem laboriosam id qui totam qui non quisquam.', 'repudiandae', 0, NULL, '1976-01-21 14:10:08', '1982-03-21 07:44:27');
INSERT INTO `media` (`id`, `media_type_id`, `user_id`, `body`, `filename`, `size`, `metadata`, `created_at`, `updated_at`) VALUES ('66', '66', '111', 'Omnis quae dolorem est excepturi eaque. Qui perferendis aspernatur atque eligendi. Officiis quia voluptatem cupiditate soluta. Qui eligendi vel animi occaecati sed occaecati.', 'pariatur', 5742, NULL, '1990-03-18 08:35:59', '1977-06-17 04:27:39');
INSERT INTO `media` (`id`, `media_type_id`, `user_id`, `body`, `filename`, `size`, `metadata`, `created_at`, `updated_at`) VALUES ('67', '67', '114', 'Corporis corporis quibusdam cum maxime impedit. Laudantium cupiditate molestiae ducimus repellendus totam.', 'quisquam', 28909552, NULL, '1987-09-12 18:14:05', '2007-12-08 00:09:24');
INSERT INTO `media` (`id`, `media_type_id`, `user_id`, `body`, `filename`, `size`, `metadata`, `created_at`, `updated_at`) VALUES ('68', '68', '116', 'Repudiandae eveniet et consequatur distinctio voluptatem. Dolorem assumenda sint voluptatem cum similique eligendi inventore et. Accusamus repellendus autem et et neque est nemo libero.', 'vitae', 87082187, NULL, '2019-02-06 19:36:55', '2002-04-21 12:23:20');
INSERT INTO `media` (`id`, `media_type_id`, `user_id`, `body`, `filename`, `size`, `metadata`, `created_at`, `updated_at`) VALUES ('69', '69', '117', 'Consequatur debitis et minima unde aut velit eius accusamus. Reprehenderit ad dolorem atque eum. Aut quibusdam veritatis occaecati. Voluptatibus quisquam alias minima possimus optio accusantium labore.', 'iste', 792, NULL, '2009-06-23 15:16:18', '2007-09-11 09:41:13');
INSERT INTO `media` (`id`, `media_type_id`, `user_id`, `body`, `filename`, `size`, `metadata`, `created_at`, `updated_at`) VALUES ('70', '70', '118', 'Perspiciatis quo dignissimos repellat aut iure inventore. Hic quos earum et veritatis est. Modi magni voluptatem nobis repellat non saepe voluptate. Placeat et quasi perferendis dolorum et vitae.', 'quaerat', 414, NULL, '2006-07-17 20:10:58', '1977-12-04 19:46:22');
INSERT INTO `media` (`id`, `media_type_id`, `user_id`, `body`, `filename`, `size`, `metadata`, `created_at`, `updated_at`) VALUES ('71', '71', '120', 'Eum necessitatibus saepe et odit. Ex eos sit pariatur quibusdam. Excepturi ducimus consequuntur reiciendis ratione ut voluptatem. Labore placeat dolores nulla quidem nihil.', 'rem', 13440110, NULL, '1999-11-19 22:05:01', '1971-05-30 17:17:59');
INSERT INTO `media` (`id`, `media_type_id`, `user_id`, `body`, `filename`, `size`, `metadata`, `created_at`, `updated_at`) VALUES ('72', '72', '121', 'Magnam similique animi et nesciunt aut. Qui dolor deserunt tenetur. In excepturi quos aut voluptas facilis id.', 'totam', 69, NULL, '2010-11-05 13:54:05', '1995-03-21 18:32:50');
INSERT INTO `media` (`id`, `media_type_id`, `user_id`, `body`, `filename`, `size`, `metadata`, `created_at`, `updated_at`) VALUES ('73', '73', '122', 'Sunt eius consectetur ad nihil autem esse nam voluptates. Distinctio architecto quos nostrum autem aut dolor debitis. Quaerat necessitatibus illo quos aut ipsum.', 'repellat', 0, NULL, '2018-12-15 03:59:49', '2013-02-03 19:43:47');
INSERT INTO `media` (`id`, `media_type_id`, `user_id`, `body`, `filename`, `size`, `metadata`, `created_at`, `updated_at`) VALUES ('74', '74', '123', 'Repellat optio minima qui labore pariatur animi quia cumque. Et dolor aut ut quod aut animi aut suscipit. Voluptates et omnis dolor labore inventore vel est eos.', 'qui', 2624, NULL, '2007-07-09 01:25:43', '1997-10-16 20:33:37');
INSERT INTO `media` (`id`, `media_type_id`, `user_id`, `body`, `filename`, `size`, `metadata`, `created_at`, `updated_at`) VALUES ('75', '75', '124', 'Et recusandae quas ipsam rerum nulla iusto. Molestiae officiis quod tenetur quis qui ullam. Ab sed nihil reprehenderit non ullam similique distinctio.', 'qui', 948311887, NULL, '1975-07-31 22:10:02', '1991-02-02 19:58:12');
INSERT INTO `media` (`id`, `media_type_id`, `user_id`, `body`, `filename`, `size`, `metadata`, `created_at`, `updated_at`) VALUES ('76', '76', '126', 'Qui fuga veniam impedit corporis. Possimus inventore aspernatur quod dicta. Enim dolorum suscipit voluptas ducimus maxime. Quos debitis autem perferendis ea dolorum. In qui similique quam accusantium.', 'suscipit', 0, NULL, '1992-08-03 04:27:29', '1977-01-26 18:40:23');
INSERT INTO `media` (`id`, `media_type_id`, `user_id`, `body`, `filename`, `size`, `metadata`, `created_at`, `updated_at`) VALUES ('77', '77', '127', 'Ducimus similique voluptas est suscipit. Iusto eos consequatur numquam rerum. Doloremque placeat cupiditate pariatur dolorum. Animi praesentium sit eveniet optio in.', 'sit', 544, NULL, '2013-10-10 17:36:12', '2006-03-09 14:38:51');
INSERT INTO `media` (`id`, `media_type_id`, `user_id`, `body`, `filename`, `size`, `metadata`, `created_at`, `updated_at`) VALUES ('78', '78', '129', 'Eum ullam vel error nam rerum aut. Aut iure eligendi totam. Cum aut et fuga officiis.', 'sit', 7862529, NULL, '1994-06-22 18:35:57', '2010-05-11 04:31:18');
INSERT INTO `media` (`id`, `media_type_id`, `user_id`, `body`, `filename`, `size`, `metadata`, `created_at`, `updated_at`) VALUES ('79', '79', '131', 'Minus est vero magnam fuga fuga sed maiores. Expedita beatae aliquid ratione et. Delectus facilis fuga neque neque dicta repudiandae. Nesciunt impedit eaque unde dolor qui.', 'reiciendis', 4209, NULL, '2017-05-17 10:44:38', '1972-05-31 03:29:19');
INSERT INTO `media` (`id`, `media_type_id`, `user_id`, `body`, `filename`, `size`, `metadata`, `created_at`, `updated_at`) VALUES ('80', '80', '132', 'Omnis blanditiis non minus rem. Dolorem corporis dolor minima fuga.', 'provident', 0, NULL, '2009-04-09 15:38:21', '1974-03-25 23:34:18');
INSERT INTO `media` (`id`, `media_type_id`, `user_id`, `body`, `filename`, `size`, `metadata`, `created_at`, `updated_at`) VALUES ('81', '81', '133', 'Consequuntur sit corrupti cumque minus non iusto. Consectetur exercitationem beatae iste excepturi doloremque sint officia. Itaque aperiam dolore dolorem expedita facilis perferendis voluptas.', 'voluptatem', 6721, NULL, '1992-03-23 00:30:38', '1974-03-09 05:34:29');
INSERT INTO `media` (`id`, `media_type_id`, `user_id`, `body`, `filename`, `size`, `metadata`, `created_at`, `updated_at`) VALUES ('82', '82', '134', 'Et sint necessitatibus ducimus dolore. Temporibus odit qui sit consequuntur eligendi et aspernatur. Molestiae saepe asperiores quia velit. Error dolorum labore voluptas iure autem dicta.', 'dolorem', 8010610, NULL, '1979-03-24 05:20:21', '1973-06-04 10:29:50');
INSERT INTO `media` (`id`, `media_type_id`, `user_id`, `body`, `filename`, `size`, `metadata`, `created_at`, `updated_at`) VALUES ('83', '83', '135', 'Ipsam non minima atque repudiandae asperiores. Nulla mollitia dolore recusandae. Atque aut at rerum maxime totam vero sit.', 'fuga', 353506, NULL, '1979-05-05 13:23:01', '1978-07-15 19:44:36');
INSERT INTO `media` (`id`, `media_type_id`, `user_id`, `body`, `filename`, `size`, `metadata`, `created_at`, `updated_at`) VALUES ('84', '84', '136', 'Enim odio consequatur nobis facilis quos. Laboriosam facilis dolorum minima.', 'aspernatur', 76769281, NULL, '1973-11-14 05:41:25', '2017-03-21 12:51:48');
INSERT INTO `media` (`id`, `media_type_id`, `user_id`, `body`, `filename`, `size`, `metadata`, `created_at`, `updated_at`) VALUES ('85', '85', '137', 'Velit non ullam numquam dolore voluptate aut non. Est rerum est aut eum aliquid. Rerum velit at ipsam quos. Suscipit dignissimos dicta animi provident consequatur quia.', 'id', 3, NULL, '2007-05-05 10:12:34', '2002-12-04 08:21:01');
INSERT INTO `media` (`id`, `media_type_id`, `user_id`, `body`, `filename`, `size`, `metadata`, `created_at`, `updated_at`) VALUES ('86', '86', '138', 'Recusandae omnis repellendus nisi sit qui tempore quia. Et occaecati eos id ipsam repellendus. Voluptatem quasi iusto laborum voluptatem velit iure.', 'esse', 5172, NULL, '1974-06-13 00:39:24', '1991-07-04 07:59:35');
INSERT INTO `media` (`id`, `media_type_id`, `user_id`, `body`, `filename`, `size`, `metadata`, `created_at`, `updated_at`) VALUES ('87', '87', '140', 'Sapiente atque et perferendis sed voluptatibus velit. Dolores reprehenderit labore laudantium ea. Explicabo pariatur tenetur possimus iure saepe assumenda sit perspiciatis. Rerum molestiae quia architecto omnis atque amet nam.', 'et', 0, NULL, '2011-04-16 10:27:58', '1976-02-03 20:44:08');
INSERT INTO `media` (`id`, `media_type_id`, `user_id`, `body`, `filename`, `size`, `metadata`, `created_at`, `updated_at`) VALUES ('88', '88', '142', 'Animi cum nihil qui deleniti sit rerum rerum. Hic nulla molestias rerum nulla et deserunt voluptas. Et temporibus culpa ipsum ea sed enim suscipit.', 'est', 22, NULL, '1982-05-23 05:19:20', '2000-05-19 15:34:05');
INSERT INTO `media` (`id`, `media_type_id`, `user_id`, `body`, `filename`, `size`, `metadata`, `created_at`, `updated_at`) VALUES ('89', '89', '144', 'Itaque consequatur voluptatem possimus. Praesentium quas mollitia harum hic ullam. Et incidunt officiis et ab laborum. Et adipisci ex minima recusandae.', 'ipsum', 33, NULL, '2008-09-19 18:52:44', '2016-07-02 16:18:35');
INSERT INTO `media` (`id`, `media_type_id`, `user_id`, `body`, `filename`, `size`, `metadata`, `created_at`, `updated_at`) VALUES ('90', '90', '145', 'Debitis consequatur et voluptatibus illo. Et sit quia et sint. Repellat quos nam ex impedit eaque iure distinctio.', 'quia', 1, NULL, '1971-10-30 06:02:08', '1981-06-26 08:57:00');
INSERT INTO `media` (`id`, `media_type_id`, `user_id`, `body`, `filename`, `size`, `metadata`, `created_at`, `updated_at`) VALUES ('91', '91', '146', 'Sint et magnam eos vero non. Saepe dolor quia ea libero. Ea occaecati commodi facilis magnam.', 'possimus', 7982, NULL, '2016-04-15 18:59:27', '2021-09-23 14:37:47');
INSERT INTO `media` (`id`, `media_type_id`, `user_id`, `body`, `filename`, `size`, `metadata`, `created_at`, `updated_at`) VALUES ('92', '92', '150', 'Atque facilis dolorum ex. Et blanditiis voluptas sit asperiores eos eum. Voluptas est deserunt iste voluptatum. Debitis ut reiciendis harum voluptatem accusantium quia et.', 'eum', 12, NULL, '2021-04-24 17:53:52', '1981-08-17 19:14:49');
INSERT INTO `media` (`id`, `media_type_id`, `user_id`, `body`, `filename`, `size`, `metadata`, `created_at`, `updated_at`) VALUES ('93', '93', '151', 'Molestias adipisci qui rem aut modi. Officiis eum nesciunt aut qui non incidunt omnis. Consequuntur eveniet et voluptatem.', 'suscipit', 301675, NULL, '1993-11-18 06:19:53', '1976-01-24 19:30:49');
INSERT INTO `media` (`id`, `media_type_id`, `user_id`, `body`, `filename`, `size`, `metadata`, `created_at`, `updated_at`) VALUES ('94', '94', '152', 'Assumenda ea blanditiis facere quia optio officia. Et officiis ut omnis ullam excepturi eveniet. Quis nemo reprehenderit qui vitae.', 'impedit', 2720520, NULL, '1995-11-09 04:27:22', '1989-11-27 13:49:10');
INSERT INTO `media` (`id`, `media_type_id`, `user_id`, `body`, `filename`, `size`, `metadata`, `created_at`, `updated_at`) VALUES ('95', '95', '154', 'Autem minus soluta provident. Dolore nesciunt numquam ullam. Voluptate hic qui odio aliquam voluptatem. Iste qui dolores id odit tempore.', 'sit', 77, NULL, '1974-06-03 23:09:12', '1998-01-22 04:35:37');
INSERT INTO `media` (`id`, `media_type_id`, `user_id`, `body`, `filename`, `size`, `metadata`, `created_at`, `updated_at`) VALUES ('96', '96', '157', 'Maxime hic recusandae ullam illum repellat. Officiis maiores perspiciatis alias maxime deserunt ut. Error sit voluptas reprehenderit cupiditate eos. Perferendis odio omnis sint nam ea.', 'nulla', 27595, NULL, '2015-08-20 06:30:39', '1978-08-06 23:56:17');
INSERT INTO `media` (`id`, `media_type_id`, `user_id`, `body`, `filename`, `size`, `metadata`, `created_at`, `updated_at`) VALUES ('97', '97', '158', 'Sint aut optio error. Iusto id et hic qui voluptatem aut. Id laborum expedita quia.', 'labore', 69, NULL, '2017-07-01 16:08:57', '1983-07-09 16:57:16');
INSERT INTO `media` (`id`, `media_type_id`, `user_id`, `body`, `filename`, `size`, `metadata`, `created_at`, `updated_at`) VALUES ('98', '98', '160', 'Sed cumque saepe qui nobis quas. Beatae occaecati repudiandae expedita vero reiciendis accusamus. Ab qui est ut aut.', 'corporis', 0, NULL, '2009-03-25 03:36:17', '1998-05-26 04:38:57');
INSERT INTO `media` (`id`, `media_type_id`, `user_id`, `body`, `filename`, `size`, `metadata`, `created_at`, `updated_at`) VALUES ('99', '99', '161', 'Expedita vitae velit iste quis enim vel. Reprehenderit reiciendis qui et ducimus animi. Aspernatur est porro voluptas ab incidunt autem.', 'accusamus', 67251, NULL, '2009-12-26 22:04:00', '1994-09-15 04:22:07');
INSERT INTO `media` (`id`, `media_type_id`, `user_id`, `body`, `filename`, `size`, `metadata`, `created_at`, `updated_at`) VALUES ('100', '100', '164', 'Enim quisquam dolore dolor omnis perspiciatis totam. Similique perferendis modi aperiam quo modi. Possimus nihil sunt quo nihil animi asperiores.', 'voluptatem', 8632, NULL, '2016-01-15 00:21:04', '1998-01-21 23:50:15');


#
# TABLE STRUCTURE FOR: media_types
#

DROP TABLE IF EXISTS `media_types`;

CREATE TABLE `media_types` (
  `id` bigint(20) unsigned NOT NULL AUTO_INCREMENT,
  `name` varchar(255) COLLATE utf8mb4_unicode_ci DEFAULT NULL,
  `created_at` datetime DEFAULT current_timestamp(),
  `updated_at` datetime DEFAULT NULL ON UPDATE current_timestamp(),
  UNIQUE KEY `id` (`id`)
) ENGINE=InnoDB AUTO_INCREMENT=101 DEFAULT CHARSET=utf8mb4 COLLATE=utf8mb4_unicode_ci;

INSERT INTO `media_types` (`id`, `name`, `created_at`, `updated_at`) VALUES ('1', 'ab', '2019-02-26 22:27:59', '1993-11-17 07:43:04');
INSERT INTO `media_types` (`id`, `name`, `created_at`, `updated_at`) VALUES ('2', 'et', '1970-08-12 01:55:28', '1984-08-09 16:20:21');
INSERT INTO `media_types` (`id`, `name`, `created_at`, `updated_at`) VALUES ('3', 'et', '1979-10-15 04:55:42', '1997-07-06 22:09:32');
INSERT INTO `media_types` (`id`, `name`, `created_at`, `updated_at`) VALUES ('4', 'ut', '2010-12-23 06:51:18', '1998-12-31 09:42:27');
INSERT INTO `media_types` (`id`, `name`, `created_at`, `updated_at`) VALUES ('5', 'sit', '2021-01-09 03:46:08', '1972-11-01 15:25:42');
INSERT INTO `media_types` (`id`, `name`, `created_at`, `updated_at`) VALUES ('6', 'est', '1992-04-11 14:20:14', '1970-09-26 21:54:12');
INSERT INTO `media_types` (`id`, `name`, `created_at`, `updated_at`) VALUES ('7', 'reprehenderit', '2008-08-20 18:22:06', '1977-12-24 00:07:17');
INSERT INTO `media_types` (`id`, `name`, `created_at`, `updated_at`) VALUES ('8', 'ut', '1988-06-28 04:06:29', '2010-12-03 04:15:30');
INSERT INTO `media_types` (`id`, `name`, `created_at`, `updated_at`) VALUES ('9', 'consequatur', '2008-06-17 04:59:56', '1995-07-31 23:02:18');
INSERT INTO `media_types` (`id`, `name`, `created_at`, `updated_at`) VALUES ('10', 'iste', '2019-01-08 00:27:40', '2018-09-09 02:45:23');
INSERT INTO `media_types` (`id`, `name`, `created_at`, `updated_at`) VALUES ('11', 'molestias', '2018-09-04 18:16:53', '1983-09-29 23:07:53');
INSERT INTO `media_types` (`id`, `name`, `created_at`, `updated_at`) VALUES ('12', 'nihil', '1975-03-11 10:49:51', '2014-04-22 01:04:50');
INSERT INTO `media_types` (`id`, `name`, `created_at`, `updated_at`) VALUES ('13', 'est', '1993-04-27 13:20:13', '1974-01-25 23:11:57');
INSERT INTO `media_types` (`id`, `name`, `created_at`, `updated_at`) VALUES ('14', 'voluptas', '2001-04-17 10:48:03', '2004-07-27 15:29:27');
INSERT INTO `media_types` (`id`, `name`, `created_at`, `updated_at`) VALUES ('15', 'facere', '1971-03-25 20:35:36', '1994-03-30 06:10:39');
INSERT INTO `media_types` (`id`, `name`, `created_at`, `updated_at`) VALUES ('16', 'iusto', '2003-10-12 00:50:57', '2013-05-28 03:12:10');
INSERT INTO `media_types` (`id`, `name`, `created_at`, `updated_at`) VALUES ('17', 'deserunt', '2014-05-16 02:43:03', '2001-06-06 21:46:08');
INSERT INTO `media_types` (`id`, `name`, `created_at`, `updated_at`) VALUES ('18', 'maxime', '1999-09-06 01:47:22', '1973-07-06 23:14:27');
INSERT INTO `media_types` (`id`, `name`, `created_at`, `updated_at`) VALUES ('19', 'qui', '1979-06-04 18:44:16', '2021-12-24 01:29:56');
INSERT INTO `media_types` (`id`, `name`, `created_at`, `updated_at`) VALUES ('20', 'totam', '1994-02-19 05:39:21', '1995-12-08 00:23:09');
INSERT INTO `media_types` (`id`, `name`, `created_at`, `updated_at`) VALUES ('21', 'consequatur', '1981-05-04 17:18:36', '2005-05-02 22:10:40');
INSERT INTO `media_types` (`id`, `name`, `created_at`, `updated_at`) VALUES ('22', 'quo', '2018-11-28 11:31:21', '1998-08-24 03:28:35');
INSERT INTO `media_types` (`id`, `name`, `created_at`, `updated_at`) VALUES ('23', 'ab', '1993-09-19 03:59:01', '1987-04-20 23:36:59');
INSERT INTO `media_types` (`id`, `name`, `created_at`, `updated_at`) VALUES ('24', 'magni', '2014-03-12 02:32:50', '1971-02-25 23:33:46');
INSERT INTO `media_types` (`id`, `name`, `created_at`, `updated_at`) VALUES ('25', 'ipsam', '1996-11-14 11:38:55', '1996-12-11 08:26:27');
INSERT INTO `media_types` (`id`, `name`, `created_at`, `updated_at`) VALUES ('26', 'inventore', '1992-07-05 13:55:08', '1984-11-15 08:10:01');
INSERT INTO `media_types` (`id`, `name`, `created_at`, `updated_at`) VALUES ('27', 'et', '1999-06-07 20:20:12', '2015-08-10 03:41:00');
INSERT INTO `media_types` (`id`, `name`, `created_at`, `updated_at`) VALUES ('28', 'saepe', '1992-06-30 15:46:56', '1991-06-16 07:07:56');
INSERT INTO `media_types` (`id`, `name`, `created_at`, `updated_at`) VALUES ('29', 'omnis', '1994-01-24 10:56:02', '1977-10-10 11:33:17');
INSERT INTO `media_types` (`id`, `name`, `created_at`, `updated_at`) VALUES ('30', 'quo', '2001-01-19 16:05:49', '1986-06-01 11:39:36');
INSERT INTO `media_types` (`id`, `name`, `created_at`, `updated_at`) VALUES ('31', 'doloremque', '1995-07-23 21:13:24', '2003-02-18 16:22:01');
INSERT INTO `media_types` (`id`, `name`, `created_at`, `updated_at`) VALUES ('32', 'quis', '2014-12-17 04:36:54', '1993-11-27 03:26:28');
INSERT INTO `media_types` (`id`, `name`, `created_at`, `updated_at`) VALUES ('33', 'aut', '2021-08-05 16:16:09', '2014-10-18 18:44:46');
INSERT INTO `media_types` (`id`, `name`, `created_at`, `updated_at`) VALUES ('34', 'quisquam', '1986-07-07 02:09:50', '2015-09-11 00:38:38');
INSERT INTO `media_types` (`id`, `name`, `created_at`, `updated_at`) VALUES ('35', 'sed', '1991-06-14 05:35:24', '1978-02-22 08:15:06');
INSERT INTO `media_types` (`id`, `name`, `created_at`, `updated_at`) VALUES ('36', 'aut', '1982-06-16 15:09:20', '1988-05-06 06:18:34');
INSERT INTO `media_types` (`id`, `name`, `created_at`, `updated_at`) VALUES ('37', 'autem', '2000-07-07 07:51:25', '2016-03-07 15:51:12');
INSERT INTO `media_types` (`id`, `name`, `created_at`, `updated_at`) VALUES ('38', 'nulla', '2010-09-06 02:49:28', '2019-11-11 17:31:37');
INSERT INTO `media_types` (`id`, `name`, `created_at`, `updated_at`) VALUES ('39', 'non', '1989-06-28 10:04:31', '2018-10-29 01:03:53');
INSERT INTO `media_types` (`id`, `name`, `created_at`, `updated_at`) VALUES ('40', 'quia', '1975-05-28 13:18:36', '2007-08-19 01:38:34');
INSERT INTO `media_types` (`id`, `name`, `created_at`, `updated_at`) VALUES ('41', 'temporibus', '1988-08-14 16:08:16', '2002-08-03 18:35:26');
INSERT INTO `media_types` (`id`, `name`, `created_at`, `updated_at`) VALUES ('42', 'nesciunt', '1970-08-05 10:47:56', '1989-08-30 07:03:28');
INSERT INTO `media_types` (`id`, `name`, `created_at`, `updated_at`) VALUES ('43', 'eos', '1991-10-08 07:23:25', '2006-04-28 21:51:19');
INSERT INTO `media_types` (`id`, `name`, `created_at`, `updated_at`) VALUES ('44', 'inventore', '1979-01-03 22:07:14', '1973-11-23 07:15:52');
INSERT INTO `media_types` (`id`, `name`, `created_at`, `updated_at`) VALUES ('45', 'sint', '1991-02-20 17:29:22', '2011-08-08 03:02:23');
INSERT INTO `media_types` (`id`, `name`, `created_at`, `updated_at`) VALUES ('46', 'modi', '1975-09-28 07:59:55', '2015-04-18 11:38:12');
INSERT INTO `media_types` (`id`, `name`, `created_at`, `updated_at`) VALUES ('47', 'consequatur', '1998-05-30 06:40:38', '1989-10-17 20:40:53');
INSERT INTO `media_types` (`id`, `name`, `created_at`, `updated_at`) VALUES ('48', 'est', '2002-08-05 12:55:23', '2010-02-08 08:20:37');
INSERT INTO `media_types` (`id`, `name`, `created_at`, `updated_at`) VALUES ('49', 'quam', '1972-06-15 05:25:59', '1997-06-17 06:56:23');
INSERT INTO `media_types` (`id`, `name`, `created_at`, `updated_at`) VALUES ('50', 'ut', '1973-03-25 12:50:49', '2018-10-11 14:39:28');
INSERT INTO `media_types` (`id`, `name`, `created_at`, `updated_at`) VALUES ('51', 'quos', '2003-02-26 19:54:01', '1980-02-17 08:01:25');
INSERT INTO `media_types` (`id`, `name`, `created_at`, `updated_at`) VALUES ('52', 'doloribus', '1970-11-01 09:58:22', '2003-05-27 19:57:12');
INSERT INTO `media_types` (`id`, `name`, `created_at`, `updated_at`) VALUES ('53', 'minima', '2001-11-10 06:31:37', '2001-10-07 16:39:43');
INSERT INTO `media_types` (`id`, `name`, `created_at`, `updated_at`) VALUES ('54', 'et', '1983-02-20 18:25:35', '1980-05-04 23:18:09');
INSERT INTO `media_types` (`id`, `name`, `created_at`, `updated_at`) VALUES ('55', 'aut', '2017-12-08 16:51:37', '2000-01-17 20:44:41');
INSERT INTO `media_types` (`id`, `name`, `created_at`, `updated_at`) VALUES ('56', 'voluptas', '1986-04-07 10:26:01', '2017-10-16 08:08:27');
INSERT INTO `media_types` (`id`, `name`, `created_at`, `updated_at`) VALUES ('57', 'sunt', '1996-03-22 04:23:20', '2003-12-03 15:24:38');
INSERT INTO `media_types` (`id`, `name`, `created_at`, `updated_at`) VALUES ('58', 'possimus', '2009-04-05 10:57:00', '1997-09-27 18:19:53');
INSERT INTO `media_types` (`id`, `name`, `created_at`, `updated_at`) VALUES ('59', 'et', '2021-04-13 10:34:06', '2012-09-30 10:25:08');
INSERT INTO `media_types` (`id`, `name`, `created_at`, `updated_at`) VALUES ('60', 'sunt', '1994-01-29 12:08:21', '2013-10-09 06:37:41');
INSERT INTO `media_types` (`id`, `name`, `created_at`, `updated_at`) VALUES ('61', 'dolores', '1982-10-24 11:54:56', '2021-03-07 16:55:10');
INSERT INTO `media_types` (`id`, `name`, `created_at`, `updated_at`) VALUES ('62', 'fugit', '2007-03-20 22:44:11', '1993-02-14 10:37:15');
INSERT INTO `media_types` (`id`, `name`, `created_at`, `updated_at`) VALUES ('63', 'voluptas', '1997-10-12 10:28:13', '2014-05-25 08:00:20');
INSERT INTO `media_types` (`id`, `name`, `created_at`, `updated_at`) VALUES ('64', 'ipsum', '1975-12-08 09:05:40', '2020-06-12 06:51:00');
INSERT INTO `media_types` (`id`, `name`, `created_at`, `updated_at`) VALUES ('65', 'minus', '2016-06-22 15:32:24', '1988-09-12 23:34:57');
INSERT INTO `media_types` (`id`, `name`, `created_at`, `updated_at`) VALUES ('66', 'nihil', '1986-06-14 12:53:26', '1972-10-10 20:46:17');
INSERT INTO `media_types` (`id`, `name`, `created_at`, `updated_at`) VALUES ('67', 'in', '1972-04-05 15:17:42', '1977-02-16 08:04:15');
INSERT INTO `media_types` (`id`, `name`, `created_at`, `updated_at`) VALUES ('68', 'in', '1985-10-17 12:55:36', '1970-03-04 02:35:26');
INSERT INTO `media_types` (`id`, `name`, `created_at`, `updated_at`) VALUES ('69', 'dolorum', '1972-01-04 07:55:19', '1993-03-10 04:07:02');
INSERT INTO `media_types` (`id`, `name`, `created_at`, `updated_at`) VALUES ('70', 'qui', '1976-12-10 03:00:42', '2006-12-22 00:25:33');
INSERT INTO `media_types` (`id`, `name`, `created_at`, `updated_at`) VALUES ('71', 'culpa', '1973-09-22 13:29:13', '1975-08-23 00:04:22');
INSERT INTO `media_types` (`id`, `name`, `created_at`, `updated_at`) VALUES ('72', 'alias', '2016-03-14 16:28:08', '2020-02-17 08:44:10');
INSERT INTO `media_types` (`id`, `name`, `created_at`, `updated_at`) VALUES ('73', 'inventore', '1998-04-22 08:51:11', '1975-06-15 22:02:40');
INSERT INTO `media_types` (`id`, `name`, `created_at`, `updated_at`) VALUES ('74', 'placeat', '1977-10-15 18:48:59', '1980-08-07 02:43:34');
INSERT INTO `media_types` (`id`, `name`, `created_at`, `updated_at`) VALUES ('75', 'reiciendis', '2005-04-03 01:57:07', '1978-10-23 22:50:00');
INSERT INTO `media_types` (`id`, `name`, `created_at`, `updated_at`) VALUES ('76', 'incidunt', '2006-07-30 12:49:50', '2008-05-11 16:51:12');
INSERT INTO `media_types` (`id`, `name`, `created_at`, `updated_at`) VALUES ('77', 'tempore', '2005-08-13 02:22:27', '1990-02-27 17:54:29');
INSERT INTO `media_types` (`id`, `name`, `created_at`, `updated_at`) VALUES ('78', 'qui', '1970-05-24 18:31:32', '1987-06-20 18:17:09');
INSERT INTO `media_types` (`id`, `name`, `created_at`, `updated_at`) VALUES ('79', 'cupiditate', '2013-07-07 12:05:06', '2016-12-14 18:18:32');
INSERT INTO `media_types` (`id`, `name`, `created_at`, `updated_at`) VALUES ('80', 'molestias', '2004-03-02 09:08:07', '1998-02-06 09:45:25');
INSERT INTO `media_types` (`id`, `name`, `created_at`, `updated_at`) VALUES ('81', 'doloremque', '2004-09-25 20:24:15', '2005-09-19 10:17:23');
INSERT INTO `media_types` (`id`, `name`, `created_at`, `updated_at`) VALUES ('82', 'deleniti', '1987-06-25 15:14:05', '1994-05-23 01:00:05');
INSERT INTO `media_types` (`id`, `name`, `created_at`, `updated_at`) VALUES ('83', 'beatae', '2002-05-03 06:57:50', '1986-08-10 22:47:32');
INSERT INTO `media_types` (`id`, `name`, `created_at`, `updated_at`) VALUES ('84', 'voluptas', '2019-03-14 01:21:29', '2003-02-20 09:06:45');
INSERT INTO `media_types` (`id`, `name`, `created_at`, `updated_at`) VALUES ('85', 'et', '1983-04-15 01:01:33', '1986-12-01 01:55:43');
INSERT INTO `media_types` (`id`, `name`, `created_at`, `updated_at`) VALUES ('86', 'reiciendis', '1970-11-11 14:07:00', '2018-03-31 03:26:55');
INSERT INTO `media_types` (`id`, `name`, `created_at`, `updated_at`) VALUES ('87', 'aliquid', '2002-03-07 19:20:30', '2004-09-09 06:33:42');
INSERT INTO `media_types` (`id`, `name`, `created_at`, `updated_at`) VALUES ('88', 'alias', '1971-01-28 05:10:39', '1994-04-14 13:19:39');
INSERT INTO `media_types` (`id`, `name`, `created_at`, `updated_at`) VALUES ('89', 'velit', '2020-08-29 22:49:06', '2008-10-05 13:24:18');
INSERT INTO `media_types` (`id`, `name`, `created_at`, `updated_at`) VALUES ('90', 'officiis', '2006-09-26 11:41:09', '1972-10-07 18:47:10');
INSERT INTO `media_types` (`id`, `name`, `created_at`, `updated_at`) VALUES ('91', 'blanditiis', '1970-08-26 18:16:54', '2002-12-03 09:53:13');
INSERT INTO `media_types` (`id`, `name`, `created_at`, `updated_at`) VALUES ('92', 'sit', '2000-09-30 00:28:31', '2021-03-11 23:20:44');
INSERT INTO `media_types` (`id`, `name`, `created_at`, `updated_at`) VALUES ('93', 'sint', '1980-02-14 13:51:12', '1991-11-06 10:52:15');
INSERT INTO `media_types` (`id`, `name`, `created_at`, `updated_at`) VALUES ('94', 'dignissimos', '2004-10-30 13:56:02', '1977-03-12 15:12:51');
INSERT INTO `media_types` (`id`, `name`, `created_at`, `updated_at`) VALUES ('95', 'aut', '1996-12-23 02:58:53', '2016-02-16 14:09:20');
INSERT INTO `media_types` (`id`, `name`, `created_at`, `updated_at`) VALUES ('96', 'fugit', '2011-09-01 05:49:47', '2020-02-28 08:58:45');
INSERT INTO `media_types` (`id`, `name`, `created_at`, `updated_at`) VALUES ('97', 'voluptas', '1986-11-07 14:04:44', '1988-06-08 00:14:23');
INSERT INTO `media_types` (`id`, `name`, `created_at`, `updated_at`) VALUES ('98', 'hic', '2003-04-02 12:13:25', '2018-06-08 13:01:58');
INSERT INTO `media_types` (`id`, `name`, `created_at`, `updated_at`) VALUES ('99', 'et', '2003-10-14 08:23:48', '1972-11-04 00:43:15');
INSERT INTO `media_types` (`id`, `name`, `created_at`, `updated_at`) VALUES ('100', 'officia', '1979-02-10 11:54:50', '2016-11-27 11:34:42');


#
# TABLE STRUCTURE FOR: messages
#

DROP TABLE IF EXISTS `messages`;

CREATE TABLE `messages` (
  `id` bigint(20) unsigned NOT NULL AUTO_INCREMENT,
  `from_user_id` bigint(20) unsigned NOT NULL,
  `to_user_id` bigint(20) unsigned NOT NULL,
  `body` text COLLATE utf8mb4_unicode_ci DEFAULT NULL,
  `created_at` datetime DEFAULT current_timestamp(),
  UNIQUE KEY `id` (`id`),
  KEY `from_user_id` (`from_user_id`),
  KEY `to_user_id` (`to_user_id`),
  CONSTRAINT `messages_ibfk_1` FOREIGN KEY (`from_user_id`) REFERENCES `users` (`id`),
  CONSTRAINT `messages_ibfk_2` FOREIGN KEY (`to_user_id`) REFERENCES `users` (`id`)
) ENGINE=InnoDB AUTO_INCREMENT=101 DEFAULT CHARSET=utf8mb4 COLLATE=utf8mb4_unicode_ci;

INSERT INTO `messages` (`id`, `from_user_id`, `to_user_id`, `body`, `created_at`) VALUES ('1', '101', '101', 'Voluptatem soluta blanditiis accusantium maiores impedit nam eos officia. Laborum ratione sed ut quia iste iste at. Fuga consequatur sapiente exercitationem facere. Libero facere fugit rerum inventore blanditiis quos et.', '1987-08-13 20:47:18');
INSERT INTO `messages` (`id`, `from_user_id`, `to_user_id`, `body`, `created_at`) VALUES ('2', '102', '102', 'Non optio eum dolores commodi qui et. Deleniti commodi perferendis autem dolores. Est voluptatem cupiditate iure assumenda vel. Aut repudiandae voluptatem accusamus.', '2006-06-19 12:01:50');
INSERT INTO `messages` (`id`, `from_user_id`, `to_user_id`, `body`, `created_at`) VALUES ('3', '103', '103', 'Totam aperiam in at quia. Quo quod pariatur at unde hic. Eum ab officiis voluptates id accusantium libero. Voluptas vel dolores dolorem.', '1998-10-30 22:14:41');
INSERT INTO `messages` (`id`, `from_user_id`, `to_user_id`, `body`, `created_at`) VALUES ('4', '104', '104', 'Et harum omnis accusamus dolores sequi doloremque. Sint reprehenderit ex est at voluptas illum illum.', '1970-01-20 18:32:51');
INSERT INTO `messages` (`id`, `from_user_id`, `to_user_id`, `body`, `created_at`) VALUES ('5', '106', '106', 'Unde similique qui eaque porro exercitationem quia. Nesciunt non est officiis reprehenderit quos consequatur. Ea enim tenetur corrupti natus quia et eius.', '1970-06-11 06:26:45');
INSERT INTO `messages` (`id`, `from_user_id`, `to_user_id`, `body`, `created_at`) VALUES ('6', '107', '107', 'Assumenda voluptatem autem sit veniam repellat autem in blanditiis. Perspiciatis consequatur aut alias et quia. Maiores voluptatibus dolores aut alias magni velit rerum. Quis ut sed quibusdam aspernatur.', '1978-10-16 17:27:54');
INSERT INTO `messages` (`id`, `from_user_id`, `to_user_id`, `body`, `created_at`) VALUES ('7', '109', '109', 'Delectus nam ullam suscipit perspiciatis facere et. Non totam quasi alias asperiores facere. Necessitatibus fugit magnam autem et ut recusandae cumque. Enim voluptatibus eum ut praesentium omnis et numquam possimus.', '2008-09-25 10:08:58');
INSERT INTO `messages` (`id`, `from_user_id`, `to_user_id`, `body`, `created_at`) VALUES ('8', '111', '111', 'Consectetur consequatur repellat quod saepe quia. Non sequi est et veniam ipsum. Laudantium sit voluptas fugit deserunt.', '2002-07-17 11:50:25');
INSERT INTO `messages` (`id`, `from_user_id`, `to_user_id`, `body`, `created_at`) VALUES ('9', '114', '114', 'Asperiores in possimus asperiores maiores nulla suscipit magnam. Dolor voluptate recusandae deserunt eligendi non corrupti enim. Magni sint consequuntur quod facere est. Eos at et sint magnam ut facilis.', '1971-03-19 22:48:19');
INSERT INTO `messages` (`id`, `from_user_id`, `to_user_id`, `body`, `created_at`) VALUES ('10', '116', '116', 'Rem repellat mollitia velit officiis sequi est. Sed eum sint a in iste dicta laudantium aut. Omnis et labore fugiat unde eligendi voluptas. Aspernatur dolorum rem omnis quam dolorum optio id.', '2002-12-23 04:00:19');
INSERT INTO `messages` (`id`, `from_user_id`, `to_user_id`, `body`, `created_at`) VALUES ('11', '117', '117', 'Commodi enim temporibus accusamus ut odio vel natus. Sunt maxime laudantium maxime incidunt nemo. Perspiciatis ut eius laboriosam et. Doloremque pariatur magni cumque est corrupti accusantium.', '2005-07-30 05:02:49');
INSERT INTO `messages` (`id`, `from_user_id`, `to_user_id`, `body`, `created_at`) VALUES ('12', '118', '118', 'Nobis quo optio rerum deleniti. Ducimus exercitationem esse non aliquid. Eum adipisci beatae dolorem autem ipsum exercitationem.', '2020-11-09 11:28:50');
INSERT INTO `messages` (`id`, `from_user_id`, `to_user_id`, `body`, `created_at`) VALUES ('13', '120', '120', 'Porro qui commodi excepturi ex sint earum numquam. Delectus dolore enim recusandae non nostrum. Nisi voluptatibus dolore expedita nesciunt et numquam quia.', '2012-10-20 10:27:28');
INSERT INTO `messages` (`id`, `from_user_id`, `to_user_id`, `body`, `created_at`) VALUES ('14', '121', '121', 'Optio iure quaerat pariatur illum sed. Eum quam quia voluptas hic animi. Natus est quasi dicta omnis sit aut dignissimos. Voluptatem amet amet asperiores voluptas exercitationem sunt.', '1982-12-26 16:50:40');
INSERT INTO `messages` (`id`, `from_user_id`, `to_user_id`, `body`, `created_at`) VALUES ('15', '122', '122', 'Et dignissimos et natus harum. Sit earum molestias omnis beatae. Sed enim qui minus rerum nihil commodi.', '1997-04-26 09:15:20');
INSERT INTO `messages` (`id`, `from_user_id`, `to_user_id`, `body`, `created_at`) VALUES ('16', '123', '123', 'At velit unde aut perspiciatis molestias ut non. Quibusdam nobis eos quibusdam libero enim. Mollitia ullam sit et tempora ut.', '1990-08-14 02:33:51');
INSERT INTO `messages` (`id`, `from_user_id`, `to_user_id`, `body`, `created_at`) VALUES ('17', '124', '124', 'Atque est sint aut quia. Et asperiores excepturi eaque. Soluta minus consequuntur sed et. Ullam eius earum fugit ut neque.', '1970-04-22 16:27:46');
INSERT INTO `messages` (`id`, `from_user_id`, `to_user_id`, `body`, `created_at`) VALUES ('18', '126', '126', 'Sunt quos cumque quidem porro. Sit labore illum sunt quibusdam maiores nostrum. Adipisci porro blanditiis quo dolorem. Laboriosam necessitatibus veritatis repellat illo et.', '2015-07-23 13:00:53');
INSERT INTO `messages` (`id`, `from_user_id`, `to_user_id`, `body`, `created_at`) VALUES ('19', '127', '127', 'Itaque adipisci quia dolores repellat ut eveniet. Assumenda autem enim aliquid nam vitae aut qui accusantium. Nihil est dolor aliquid amet omnis. Sed aut voluptatem consequuntur dolorum est quia.', '1979-05-29 11:43:48');
INSERT INTO `messages` (`id`, `from_user_id`, `to_user_id`, `body`, `created_at`) VALUES ('20', '129', '129', 'Quis eum libero debitis sit rerum quis voluptatem maiores. Quia dolorem velit dolores dolores consequatur et delectus. Est quis minima velit.', '1991-01-02 05:39:24');
INSERT INTO `messages` (`id`, `from_user_id`, `to_user_id`, `body`, `created_at`) VALUES ('21', '131', '131', 'Tempore est aut et ad. Consectetur quo nihil eum quia vel aut quis. Nam libero itaque error quae amet iste.', '1987-08-15 08:20:38');
INSERT INTO `messages` (`id`, `from_user_id`, `to_user_id`, `body`, `created_at`) VALUES ('22', '132', '132', 'Magnam enim harum porro. In et doloribus earum. Cupiditate eos ut voluptatibus voluptas consectetur voluptas tempore.', '1993-01-18 08:51:14');
INSERT INTO `messages` (`id`, `from_user_id`, `to_user_id`, `body`, `created_at`) VALUES ('23', '133', '133', 'Nesciunt vero beatae dolor officia. Consequatur id perferendis fugiat excepturi ut at illo. Sint et non ad saepe tenetur aut qui. Ut ipsum magni in possimus velit labore et. Assumenda nobis dolores aliquid non ratione.', '2016-07-07 12:55:51');
INSERT INTO `messages` (`id`, `from_user_id`, `to_user_id`, `body`, `created_at`) VALUES ('24', '134', '134', 'Quaerat placeat odit eaque qui consequatur aperiam sed. Qui et quia nihil aspernatur facilis qui. Dolores voluptas cupiditate est maxime doloribus velit.', '1983-02-25 04:23:42');
INSERT INTO `messages` (`id`, `from_user_id`, `to_user_id`, `body`, `created_at`) VALUES ('25', '135', '135', 'Ipsa quo quia repellendus esse optio. Eveniet vel adipisci laborum dolor tempora delectus excepturi. Quis et aliquam reiciendis. Expedita unde laboriosam est corporis.', '1976-05-30 13:28:40');
INSERT INTO `messages` (`id`, `from_user_id`, `to_user_id`, `body`, `created_at`) VALUES ('26', '136', '136', 'Sunt id neque non aliquam placeat et maxime. Fuga sunt debitis mollitia. Praesentium dolor ex impedit. Minus laudantium accusantium consequuntur vero omnis accusantium non doloremque.', '2004-12-25 23:04:01');
INSERT INTO `messages` (`id`, `from_user_id`, `to_user_id`, `body`, `created_at`) VALUES ('27', '137', '137', 'Atque quos blanditiis est sed omnis dignissimos necessitatibus blanditiis. Itaque molestias repellat perspiciatis eveniet.', '2008-05-16 13:49:28');
INSERT INTO `messages` (`id`, `from_user_id`, `to_user_id`, `body`, `created_at`) VALUES ('28', '138', '138', 'Voluptas fugit explicabo voluptas aliquam voluptatem necessitatibus asperiores. Est est nemo deserunt voluptatem fugiat. Debitis incidunt est aspernatur excepturi ullam asperiores. Dicta soluta voluptates dolorum pariatur unde.', '1973-09-18 03:35:46');
INSERT INTO `messages` (`id`, `from_user_id`, `to_user_id`, `body`, `created_at`) VALUES ('29', '140', '140', 'Pariatur ut reiciendis recusandae eum. Fugiat fugiat rerum tempore quia dolorem autem mollitia.', '1994-01-11 18:55:22');
INSERT INTO `messages` (`id`, `from_user_id`, `to_user_id`, `body`, `created_at`) VALUES ('30', '142', '142', 'Dolor possimus dolorum reprehenderit pariatur vel. Optio hic quis aut iusto quam nemo velit. Eum ea sint et aut nisi. Qui dicta velit totam aut.', '2018-03-31 23:40:18');
INSERT INTO `messages` (`id`, `from_user_id`, `to_user_id`, `body`, `created_at`) VALUES ('31', '144', '144', 'Et suscipit nobis itaque est distinctio sapiente. Minus distinctio quibusdam deleniti quisquam. Id tenetur voluptatibus est quia sint alias. Facilis consectetur dolor laboriosam omnis.', '2018-06-02 01:31:48');
INSERT INTO `messages` (`id`, `from_user_id`, `to_user_id`, `body`, `created_at`) VALUES ('32', '145', '145', 'Quo enim id tempora eligendi ut velit in facere. Sequi ut iste quaerat ut qui non quis.', '1989-04-07 05:06:50');
INSERT INTO `messages` (`id`, `from_user_id`, `to_user_id`, `body`, `created_at`) VALUES ('33', '146', '146', 'Eligendi et iusto earum ut necessitatibus. Quia aspernatur facere non similique. Odio dignissimos quibusdam sed rem itaque. Est distinctio officiis neque assumenda saepe officia. In culpa doloremque sit voluptatem dolor.', '1986-08-30 13:09:19');
INSERT INTO `messages` (`id`, `from_user_id`, `to_user_id`, `body`, `created_at`) VALUES ('34', '150', '150', 'Perferendis qui nemo doloremque aspernatur a quasi. Sit exercitationem adipisci dolore consequatur voluptates quos aut id. Esse enim consequatur maxime similique beatae molestias.', '1997-04-19 12:33:25');
INSERT INTO `messages` (`id`, `from_user_id`, `to_user_id`, `body`, `created_at`) VALUES ('35', '151', '151', 'Quas dolor sit unde eveniet. Ab aut qui numquam doloremque dolor ab qui. Doloribus quod minima dolorem aut. Voluptas impedit officia corporis aut.', '2014-10-12 20:16:31');
INSERT INTO `messages` (`id`, `from_user_id`, `to_user_id`, `body`, `created_at`) VALUES ('36', '152', '152', 'Corporis et officia ut ut. Minima aut porro sed voluptas. Earum incidunt autem id nesciunt ut aliquam asperiores et.', '2018-04-27 17:00:01');
INSERT INTO `messages` (`id`, `from_user_id`, `to_user_id`, `body`, `created_at`) VALUES ('37', '154', '154', 'Ipsam ratione minima dolorum illo ut accusantium aliquid. Rerum alias aliquid deserunt repellat voluptatem. Consequuntur fugiat facilis reiciendis occaecati aut ea doloremque. Non fugiat dolor incidunt rerum totam odit similique.', '2009-09-15 02:38:27');
INSERT INTO `messages` (`id`, `from_user_id`, `to_user_id`, `body`, `created_at`) VALUES ('38', '157', '157', 'Dolor quia rerum asperiores nihil beatae consequuntur molestiae ut. Ipsa eligendi et ratione et aut. A delectus tenetur in perspiciatis aut et doloribus.', '2013-11-10 07:19:20');
INSERT INTO `messages` (`id`, `from_user_id`, `to_user_id`, `body`, `created_at`) VALUES ('39', '158', '158', 'Quo in voluptates magni laborum. Ipsum et natus quam. Repudiandae voluptatem labore non natus nobis ut.', '1974-02-21 04:35:57');
INSERT INTO `messages` (`id`, `from_user_id`, `to_user_id`, `body`, `created_at`) VALUES ('40', '160', '160', 'Ipsa animi fugiat eligendi autem adipisci a sed. Est distinctio laudantium tenetur et mollitia. Corrupti sit laboriosam modi impedit.', '1996-09-21 15:11:12');
INSERT INTO `messages` (`id`, `from_user_id`, `to_user_id`, `body`, `created_at`) VALUES ('41', '161', '161', 'Sed voluptatem quam libero ea aperiam quia quia. Omnis voluptate itaque eligendi quibusdam ipsa. Sed non excepturi laboriosam id sed vitae. Ea aspernatur impedit qui cumque molestiae minus perspiciatis quis.', '2012-10-02 13:21:59');
INSERT INTO `messages` (`id`, `from_user_id`, `to_user_id`, `body`, `created_at`) VALUES ('42', '164', '164', 'Nesciunt sed excepturi quia id delectus ut. In odio non porro. Doloribus et quae at voluptatem sed quia.', '1988-07-02 00:45:11');
INSERT INTO `messages` (`id`, `from_user_id`, `to_user_id`, `body`, `created_at`) VALUES ('43', '168', '168', 'Non autem voluptatem est qui cumque. Quam qui est quia porro animi harum laboriosam. Minus nulla fugit non ut.', '1992-05-05 21:51:05');
INSERT INTO `messages` (`id`, `from_user_id`, `to_user_id`, `body`, `created_at`) VALUES ('44', '177', '177', 'Atque sed quia quas ut accusantium autem. Cumque et velit ea porro culpa.', '2019-11-20 23:07:21');
INSERT INTO `messages` (`id`, `from_user_id`, `to_user_id`, `body`, `created_at`) VALUES ('45', '178', '178', 'Natus atque cumque dolorum dicta. Fugiat id sed non tempora sunt. Animi quae quidem labore doloribus hic dolorem porro dolor. Ullam et deleniti officia.', '1997-01-09 01:29:02');
INSERT INTO `messages` (`id`, `from_user_id`, `to_user_id`, `body`, `created_at`) VALUES ('46', '179', '179', 'Rerum architecto dicta et magni qui quidem sint. Aspernatur dicta ut reiciendis quasi. Nemo impedit et quod ut est nostrum et non.', '1993-01-17 03:48:14');
INSERT INTO `messages` (`id`, `from_user_id`, `to_user_id`, `body`, `created_at`) VALUES ('47', '180', '180', 'Sequi voluptatem incidunt harum. Aut modi qui nesciunt ut dolorem facere et.', '2015-02-28 01:54:42');
INSERT INTO `messages` (`id`, `from_user_id`, `to_user_id`, `body`, `created_at`) VALUES ('48', '183', '183', 'Sint praesentium blanditiis quaerat dolor error. Tempore magnam facilis animi in et nobis error. Earum dolor ipsum ad blanditiis occaecati nostrum sunt. Deserunt enim officia qui qui.', '1988-05-29 02:54:57');
INSERT INTO `messages` (`id`, `from_user_id`, `to_user_id`, `body`, `created_at`) VALUES ('49', '185', '185', 'Veniam dolorem doloremque mollitia amet. Veritatis non deserunt molestiae eius quidem eum enim. Et nesciunt harum libero maxime voluptates quam modi. Numquam nihil voluptates fugit molestiae.', '2017-06-21 23:18:49');
INSERT INTO `messages` (`id`, `from_user_id`, `to_user_id`, `body`, `created_at`) VALUES ('50', '188', '188', 'Eius deserunt neque odio animi eaque nam. Animi vel nisi reiciendis quia hic quidem officia. Sunt a ut debitis maiores ipsa soluta et. Omnis hic id reprehenderit laboriosam neque sit.', '1981-12-27 22:38:29');
INSERT INTO `messages` (`id`, `from_user_id`, `to_user_id`, `body`, `created_at`) VALUES ('51', '190', '190', 'Quis adipisci modi culpa deserunt molestias et. Eius ut sed et nisi. Et non rerum assumenda quia fuga. Voluptas nemo illum corrupti cumque molestias dolores.', '1999-02-03 15:36:33');
INSERT INTO `messages` (`id`, `from_user_id`, `to_user_id`, `body`, `created_at`) VALUES ('52', '191', '191', 'Voluptas ut odio amet repudiandae. Sed soluta quia sed. Quae provident atque similique veritatis facere ad distinctio voluptatum.', '1995-12-31 09:17:18');
INSERT INTO `messages` (`id`, `from_user_id`, `to_user_id`, `body`, `created_at`) VALUES ('53', '192', '192', 'Delectus occaecati quae dolorem cum voluptas maxime voluptas voluptatem. Amet est et dolorem sit reprehenderit inventore sed. Voluptas dolorem excepturi beatae esse suscipit quibusdam. Labore ipsa maiores in dolorum quo rerum.', '2014-10-11 17:49:21');
INSERT INTO `messages` (`id`, `from_user_id`, `to_user_id`, `body`, `created_at`) VALUES ('54', '193', '193', 'Eos iusto autem quos. Et numquam qui neque nobis enim.', '1987-04-09 04:01:44');
INSERT INTO `messages` (`id`, `from_user_id`, `to_user_id`, `body`, `created_at`) VALUES ('55', '194', '194', 'Nesciunt eius necessitatibus eum et. Voluptatem hic nobis aliquid eos laboriosam. Tempore sequi ad minima dolorem. Esse molestias non voluptatem reiciendis eum quasi et nisi.', '1971-07-11 03:56:59');
INSERT INTO `messages` (`id`, `from_user_id`, `to_user_id`, `body`, `created_at`) VALUES ('56', '195', '195', 'Minus aspernatur et voluptas placeat ut unde pariatur. Velit corrupti doloribus ratione non. Molestias assumenda iure soluta et dignissimos dignissimos aliquid. Veniam delectus veritatis nemo qui quia et.', '2004-11-15 18:45:50');
INSERT INTO `messages` (`id`, `from_user_id`, `to_user_id`, `body`, `created_at`) VALUES ('57', '196', '196', 'Fugiat numquam repudiandae ut blanditiis. Explicabo ut praesentium pariatur saepe voluptatibus. Voluptates et consectetur voluptas veritatis dicta.', '1974-10-23 08:30:35');
INSERT INTO `messages` (`id`, `from_user_id`, `to_user_id`, `body`, `created_at`) VALUES ('58', '199', '199', 'Expedita illum libero aut voluptatem excepturi ea delectus blanditiis. Fugiat voluptatum velit magnam debitis esse quas vitae.', '2009-01-14 20:41:07');
INSERT INTO `messages` (`id`, `from_user_id`, `to_user_id`, `body`, `created_at`) VALUES ('59', '101', '101', 'Sunt nisi quae autem quae incidunt. Pariatur magnam sunt alias porro non. Totam rem soluta enim sint. Impedit occaecati explicabo veniam occaecati blanditiis iusto facilis.', '2005-03-20 16:31:00');
INSERT INTO `messages` (`id`, `from_user_id`, `to_user_id`, `body`, `created_at`) VALUES ('60', '102', '102', 'Ducimus veritatis consequatur blanditiis voluptates minus non molestiae saepe. Asperiores voluptate praesentium fugit culpa. Cupiditate voluptatem dolor ea.', '2003-06-06 10:15:04');
INSERT INTO `messages` (`id`, `from_user_id`, `to_user_id`, `body`, `created_at`) VALUES ('61', '103', '103', 'Officia sit ut quia illum dolores voluptate iusto. Est aliquid quo ut id quia impedit. Ea sed ratione possimus exercitationem occaecati.', '1971-11-18 07:59:32');
INSERT INTO `messages` (`id`, `from_user_id`, `to_user_id`, `body`, `created_at`) VALUES ('62', '104', '104', 'Aperiam et quia qui voluptas consequatur molestias aperiam. Laborum est ullam itaque voluptatem et repudiandae eveniet voluptatem. Quae et laudantium necessitatibus possimus minima rerum perspiciatis.', '1973-06-19 18:58:15');
INSERT INTO `messages` (`id`, `from_user_id`, `to_user_id`, `body`, `created_at`) VALUES ('63', '106', '106', 'Consequuntur autem vitae dolores magni. Iusto ab aperiam amet et facilis vitae veritatis. Ex laboriosam et dignissimos modi ipsam.', '1977-06-07 11:18:04');
INSERT INTO `messages` (`id`, `from_user_id`, `to_user_id`, `body`, `created_at`) VALUES ('64', '107', '107', 'Quia eaque error qui sed odio. Non magnam voluptatem voluptatem quis id. Vel est nemo expedita aliquid corrupti nihil et. Soluta quam repellat quos ut rerum inventore.', '1990-06-29 04:32:58');
INSERT INTO `messages` (`id`, `from_user_id`, `to_user_id`, `body`, `created_at`) VALUES ('65', '109', '109', 'Inventore similique dolore qui iure. Libero id eum qui placeat ut exercitationem molestiae. In veniam dolor blanditiis recusandae. Iusto ut aut nihil nostrum distinctio et. Aut expedita repellendus totam aliquid quas sit eaque.', '2014-01-31 07:49:43');
INSERT INTO `messages` (`id`, `from_user_id`, `to_user_id`, `body`, `created_at`) VALUES ('66', '111', '111', 'Tempore commodi mollitia inventore voluptate aut. Praesentium veniam natus hic nihil natus eius. Nostrum cupiditate quaerat nemo ut dolor hic.', '2000-09-18 23:59:30');
INSERT INTO `messages` (`id`, `from_user_id`, `to_user_id`, `body`, `created_at`) VALUES ('67', '114', '114', 'Cupiditate omnis nam laboriosam itaque est. Sequi soluta repellendus ratione et. Maxime exercitationem quasi aliquid. Voluptatem sequi provident at id aperiam dolor est nihil.', '1974-01-28 07:19:15');
INSERT INTO `messages` (`id`, `from_user_id`, `to_user_id`, `body`, `created_at`) VALUES ('68', '116', '116', 'Qui exercitationem ipsum tempore. Ab officiis praesentium voluptatibus est beatae blanditiis. Autem quisquam est consequatur et necessitatibus dolores aut.', '1996-09-29 07:45:01');
INSERT INTO `messages` (`id`, `from_user_id`, `to_user_id`, `body`, `created_at`) VALUES ('69', '117', '117', 'Qui recusandae architecto quia commodi velit sit dignissimos. Maxime consequatur in repellat qui sit harum. Deleniti consectetur sed et. Dolor est aut ex ut doloremque assumenda sit. Ipsam harum pariatur aut omnis adipisci.', '1985-02-24 10:54:05');
INSERT INTO `messages` (`id`, `from_user_id`, `to_user_id`, `body`, `created_at`) VALUES ('70', '118', '118', 'Et eius fugiat in neque libero suscipit. Qui ut explicabo qui autem. Voluptas amet error sit non vel et.', '2016-04-08 11:51:46');
INSERT INTO `messages` (`id`, `from_user_id`, `to_user_id`, `body`, `created_at`) VALUES ('71', '120', '120', 'Modi eum consequatur reprehenderit. Consequuntur officiis repellat iste reprehenderit a placeat. Culpa voluptatem reprehenderit quae eum.', '2017-01-19 10:49:05');
INSERT INTO `messages` (`id`, `from_user_id`, `to_user_id`, `body`, `created_at`) VALUES ('72', '121', '121', 'Cupiditate voluptas nihil veritatis. Ea asperiores rerum ducimus quia adipisci. Similique rerum et ipsum.', '1997-10-24 20:49:34');
INSERT INTO `messages` (`id`, `from_user_id`, `to_user_id`, `body`, `created_at`) VALUES ('73', '122', '122', 'Dolores neque aliquam quibusdam quam labore ratione. Sed ea explicabo quia libero similique quia voluptatem. Aut ea quasi voluptate rerum sit voluptas. Excepturi eos inventore in sunt necessitatibus amet.', '2003-08-30 19:53:41');
INSERT INTO `messages` (`id`, `from_user_id`, `to_user_id`, `body`, `created_at`) VALUES ('74', '123', '123', 'Quidem reiciendis quis assumenda aut. Sit eaque asperiores inventore aut fuga molestiae ipsa. Consequuntur dolorem dignissimos eius ullam voluptatem a hic.', '1978-09-19 18:47:50');
INSERT INTO `messages` (`id`, `from_user_id`, `to_user_id`, `body`, `created_at`) VALUES ('75', '124', '124', 'Corrupti eveniet vitae facilis temporibus. Dolor laborum sint cumque quaerat commodi quia. Id quo nam voluptate corrupti qui sit.', '1974-03-03 21:19:56');
INSERT INTO `messages` (`id`, `from_user_id`, `to_user_id`, `body`, `created_at`) VALUES ('76', '126', '126', 'Error iure in quo cupiditate vero eos. Alias ad excepturi dolorem. Et non rerum quaerat corporis adipisci qui sapiente.', '2021-05-03 22:16:08');
INSERT INTO `messages` (`id`, `from_user_id`, `to_user_id`, `body`, `created_at`) VALUES ('77', '127', '127', 'Quam asperiores illo dolor tenetur. Dolorum cupiditate quidem sed. Rem aperiam atque harum eveniet deleniti modi.', '2020-09-23 09:20:50');
INSERT INTO `messages` (`id`, `from_user_id`, `to_user_id`, `body`, `created_at`) VALUES ('78', '129', '129', 'Vel ipsa et et saepe libero voluptas ratione veritatis. Expedita ut aperiam fugiat quod repellat eos consequatur. Non inventore quis rem sed et consequuntur ducimus.', '1983-10-14 09:56:34');
INSERT INTO `messages` (`id`, `from_user_id`, `to_user_id`, `body`, `created_at`) VALUES ('79', '131', '131', 'Et necessitatibus et ex temporibus. Omnis et dolores eos molestiae et qui voluptatem. At omnis dolore est maiores. Aut eaque reprehenderit quibusdam et recusandae.', '1993-09-12 06:14:55');
INSERT INTO `messages` (`id`, `from_user_id`, `to_user_id`, `body`, `created_at`) VALUES ('80', '132', '132', 'Et eum perferendis quisquam. Aut eius voluptatem rerum ut sed cum autem.', '2005-05-24 12:56:55');
INSERT INTO `messages` (`id`, `from_user_id`, `to_user_id`, `body`, `created_at`) VALUES ('81', '133', '133', 'Ut voluptatem omnis velit qui est natus. Ex possimus nihil velit consequatur accusantium qui et. Quia officia natus suscipit dolor.', '2018-12-17 04:24:03');
INSERT INTO `messages` (`id`, `from_user_id`, `to_user_id`, `body`, `created_at`) VALUES ('82', '134', '134', 'Ipsam distinctio eum necessitatibus recusandae. Doloribus et et minus nihil sed. Qui exercitationem ad quo. Totam quia fugiat praesentium nisi natus temporibus reiciendis.', '1999-05-30 01:17:26');
INSERT INTO `messages` (`id`, `from_user_id`, `to_user_id`, `body`, `created_at`) VALUES ('83', '135', '135', 'Delectus quae repudiandae adipisci fugiat vel. Quo et quo et saepe.', '2006-12-02 12:43:14');
INSERT INTO `messages` (`id`, `from_user_id`, `to_user_id`, `body`, `created_at`) VALUES ('84', '136', '136', 'Ea qui est consequatur exercitationem. Recusandae quod enim molestiae ut. Vitae est qui hic ipsum.', '1981-01-03 00:16:52');
INSERT INTO `messages` (`id`, `from_user_id`, `to_user_id`, `body`, `created_at`) VALUES ('85', '137', '137', 'A omnis molestiae rerum sed consequuntur maiores saepe mollitia. Totam enim nemo saepe dolores. In quisquam consequuntur repellendus aut deserunt quam similique.', '2021-05-16 13:31:31');
INSERT INTO `messages` (`id`, `from_user_id`, `to_user_id`, `body`, `created_at`) VALUES ('86', '138', '138', 'Ut distinctio ea rerum fugit in sed consectetur voluptate. Consequatur molestias quos sunt sit id blanditiis molestias minus. Nostrum nostrum natus voluptatem at quibusdam ad corrupti. Rerum illo quis velit vel quasi quia.', '1978-04-07 04:02:40');
INSERT INTO `messages` (`id`, `from_user_id`, `to_user_id`, `body`, `created_at`) VALUES ('87', '140', '140', 'Illo non quidem ipsum non. Et dolor a quis a. Et rerum et incidunt possimus.', '1990-10-28 23:27:44');
INSERT INTO `messages` (`id`, `from_user_id`, `to_user_id`, `body`, `created_at`) VALUES ('88', '142', '142', 'Deleniti et a ducimus iusto qui. Corporis sapiente molestiae vitae corrupti. Est hic laborum sunt eligendi. Voluptatem unde nemo consequatur autem eum qui.', '1999-08-25 15:20:00');
INSERT INTO `messages` (`id`, `from_user_id`, `to_user_id`, `body`, `created_at`) VALUES ('89', '144', '144', 'Eos et sunt qui. Corrupti quo vel in vero atque molestiae molestiae consequatur. Molestiae in assumenda explicabo. Ipsam recusandae itaque quia eveniet voluptatem ad vitae.', '2012-08-06 17:33:56');
INSERT INTO `messages` (`id`, `from_user_id`, `to_user_id`, `body`, `created_at`) VALUES ('90', '145', '145', 'Iure omnis qui omnis qui atque reiciendis. Magni porro voluptate omnis fuga nemo. Aut aspernatur mollitia corporis similique dolores. Eos alias quo odit. Explicabo quo vero magni eius quia sint.', '1994-11-26 19:00:39');
INSERT INTO `messages` (`id`, `from_user_id`, `to_user_id`, `body`, `created_at`) VALUES ('91', '146', '146', 'Maiores et qui aut doloribus aut quidem. Distinctio ipsum quam quas dolores. Neque ut rem corporis voluptates.', '1993-06-23 05:11:30');
INSERT INTO `messages` (`id`, `from_user_id`, `to_user_id`, `body`, `created_at`) VALUES ('92', '150', '150', 'Non saepe illo rerum quasi quia aut. Sequi eum voluptatem earum. Aliquid dolor reiciendis quo aut debitis. Non nisi sed debitis consequatur qui alias aut.', '2009-07-24 19:14:49');
INSERT INTO `messages` (`id`, `from_user_id`, `to_user_id`, `body`, `created_at`) VALUES ('93', '151', '151', 'Et ab et optio maiores officia consequuntur cupiditate. Sed eveniet quisquam aut aspernatur quia aut. Inventore doloremque nostrum aspernatur. Rerum iusto impedit sequi.', '1971-11-28 23:14:06');
INSERT INTO `messages` (`id`, `from_user_id`, `to_user_id`, `body`, `created_at`) VALUES ('94', '152', '152', 'Beatae deleniti consequatur iste asperiores nisi non. Est numquam hic veritatis totam sit et unde. Non nam soluta quia nihil accusantium ut ut. Ducimus in voluptatem omnis laborum similique alias cupiditate.', '1993-03-18 19:00:04');
INSERT INTO `messages` (`id`, `from_user_id`, `to_user_id`, `body`, `created_at`) VALUES ('95', '154', '154', 'Alias et dolorum perspiciatis qui quis. Tenetur quis iusto fuga nesciunt quibusdam atque distinctio. Minus esse aspernatur qui ex molestias accusantium.', '2017-12-04 02:48:56');
INSERT INTO `messages` (`id`, `from_user_id`, `to_user_id`, `body`, `created_at`) VALUES ('96', '157', '157', 'Ipsam beatae quo et in. Est ex aut et aut velit.', '1973-12-25 21:15:35');
INSERT INTO `messages` (`id`, `from_user_id`, `to_user_id`, `body`, `created_at`) VALUES ('97', '158', '158', 'Ut voluptas et quas aut aliquid. Adipisci tenetur ut fugit quia earum minus. Deleniti quia saepe eos quidem incidunt.', '2003-09-19 09:49:19');
INSERT INTO `messages` (`id`, `from_user_id`, `to_user_id`, `body`, `created_at`) VALUES ('98', '160', '160', 'Placeat odit vel eaque suscipit eligendi. Voluptatum qui quia est quisquam vel et maxime dolores. Eos fugiat dolor voluptatem aut omnis et ullam deleniti.', '1990-03-14 04:12:52');
INSERT INTO `messages` (`id`, `from_user_id`, `to_user_id`, `body`, `created_at`) VALUES ('99', '161', '161', 'Sequi omnis ad reprehenderit consequuntur ducimus. Debitis quae at quia maiores quos et nihil. Et aut iure sed expedita dicta eos.', '2017-12-03 18:20:48');
INSERT INTO `messages` (`id`, `from_user_id`, `to_user_id`, `body`, `created_at`) VALUES ('100', '164', '164', 'Tenetur assumenda quod voluptatibus rerum. Dolorum dolores modi molestiae. Doloribus qui libero voluptas modi. Quisquam impedit expedita officia facilis dolores dolores velit.', '2010-10-21 20:38:07');


#
# TABLE STRUCTURE FOR: photo_albums
#

DROP TABLE IF EXISTS `photo_albums`;

CREATE TABLE `photo_albums` (
  `id` bigint(20) unsigned NOT NULL AUTO_INCREMENT,
  `name` varchar(255) COLLATE utf8mb4_unicode_ci DEFAULT NULL,
  `user_id` bigint(20) unsigned DEFAULT NULL,
  PRIMARY KEY (`id`),
  UNIQUE KEY `id` (`id`),
  KEY `user_id` (`user_id`),
  CONSTRAINT `photo_albums_ibfk_1` FOREIGN KEY (`user_id`) REFERENCES `users` (`id`)
) ENGINE=InnoDB AUTO_INCREMENT=101 DEFAULT CHARSET=utf8mb4 COLLATE=utf8mb4_unicode_ci;

INSERT INTO `photo_albums` (`id`, `name`, `user_id`) VALUES ('1', 'similique', '101');
INSERT INTO `photo_albums` (`id`, `name`, `user_id`) VALUES ('2', 'tempore', '102');
INSERT INTO `photo_albums` (`id`, `name`, `user_id`) VALUES ('3', 'placeat', '103');
INSERT INTO `photo_albums` (`id`, `name`, `user_id`) VALUES ('4', 'quae', '104');
INSERT INTO `photo_albums` (`id`, `name`, `user_id`) VALUES ('5', 'non', '106');
INSERT INTO `photo_albums` (`id`, `name`, `user_id`) VALUES ('6', 'sed', '107');
INSERT INTO `photo_albums` (`id`, `name`, `user_id`) VALUES ('7', 'repudiandae', '109');
INSERT INTO `photo_albums` (`id`, `name`, `user_id`) VALUES ('8', 'sed', '111');
INSERT INTO `photo_albums` (`id`, `name`, `user_id`) VALUES ('9', 'consequatur', '114');
INSERT INTO `photo_albums` (`id`, `name`, `user_id`) VALUES ('10', 'provident', '116');
INSERT INTO `photo_albums` (`id`, `name`, `user_id`) VALUES ('11', 'quo', '117');
INSERT INTO `photo_albums` (`id`, `name`, `user_id`) VALUES ('12', 'velit', '118');
INSERT INTO `photo_albums` (`id`, `name`, `user_id`) VALUES ('13', 'eos', '120');
INSERT INTO `photo_albums` (`id`, `name`, `user_id`) VALUES ('14', 'minima', '121');
INSERT INTO `photo_albums` (`id`, `name`, `user_id`) VALUES ('15', 'reprehenderit', '122');
INSERT INTO `photo_albums` (`id`, `name`, `user_id`) VALUES ('16', 'sit', '123');
INSERT INTO `photo_albums` (`id`, `name`, `user_id`) VALUES ('17', 'quam', '124');
INSERT INTO `photo_albums` (`id`, `name`, `user_id`) VALUES ('18', 'ab', '126');
INSERT INTO `photo_albums` (`id`, `name`, `user_id`) VALUES ('19', 'et', '127');
INSERT INTO `photo_albums` (`id`, `name`, `user_id`) VALUES ('20', 'repellendus', '129');
INSERT INTO `photo_albums` (`id`, `name`, `user_id`) VALUES ('21', 'sit', '131');
INSERT INTO `photo_albums` (`id`, `name`, `user_id`) VALUES ('22', 'aut', '132');
INSERT INTO `photo_albums` (`id`, `name`, `user_id`) VALUES ('23', 'in', '133');
INSERT INTO `photo_albums` (`id`, `name`, `user_id`) VALUES ('24', 'facilis', '134');
INSERT INTO `photo_albums` (`id`, `name`, `user_id`) VALUES ('25', 'iure', '135');
INSERT INTO `photo_albums` (`id`, `name`, `user_id`) VALUES ('26', 'totam', '136');
INSERT INTO `photo_albums` (`id`, `name`, `user_id`) VALUES ('27', 'asperiores', '137');
INSERT INTO `photo_albums` (`id`, `name`, `user_id`) VALUES ('28', 'dolorem', '138');
INSERT INTO `photo_albums` (`id`, `name`, `user_id`) VALUES ('29', 'deserunt', '140');
INSERT INTO `photo_albums` (`id`, `name`, `user_id`) VALUES ('30', 'facere', '142');
INSERT INTO `photo_albums` (`id`, `name`, `user_id`) VALUES ('31', 'cumque', '144');
INSERT INTO `photo_albums` (`id`, `name`, `user_id`) VALUES ('32', 'quis', '145');
INSERT INTO `photo_albums` (`id`, `name`, `user_id`) VALUES ('33', 'et', '146');
INSERT INTO `photo_albums` (`id`, `name`, `user_id`) VALUES ('34', 'optio', '150');
INSERT INTO `photo_albums` (`id`, `name`, `user_id`) VALUES ('35', 'autem', '151');
INSERT INTO `photo_albums` (`id`, `name`, `user_id`) VALUES ('36', 'id', '152');
INSERT INTO `photo_albums` (`id`, `name`, `user_id`) VALUES ('37', 'qui', '154');
INSERT INTO `photo_albums` (`id`, `name`, `user_id`) VALUES ('38', 'sint', '157');
INSERT INTO `photo_albums` (`id`, `name`, `user_id`) VALUES ('39', 'id', '158');
INSERT INTO `photo_albums` (`id`, `name`, `user_id`) VALUES ('40', 'temporibus', '160');
INSERT INTO `photo_albums` (`id`, `name`, `user_id`) VALUES ('41', 'eaque', '161');
INSERT INTO `photo_albums` (`id`, `name`, `user_id`) VALUES ('42', 'sed', '164');
INSERT INTO `photo_albums` (`id`, `name`, `user_id`) VALUES ('43', 'dolorem', '168');
INSERT INTO `photo_albums` (`id`, `name`, `user_id`) VALUES ('44', 'sit', '177');
INSERT INTO `photo_albums` (`id`, `name`, `user_id`) VALUES ('45', 'culpa', '178');
INSERT INTO `photo_albums` (`id`, `name`, `user_id`) VALUES ('46', 'dolorem', '179');
INSERT INTO `photo_albums` (`id`, `name`, `user_id`) VALUES ('47', 'et', '180');
INSERT INTO `photo_albums` (`id`, `name`, `user_id`) VALUES ('48', 'quod', '183');
INSERT INTO `photo_albums` (`id`, `name`, `user_id`) VALUES ('49', 'fugiat', '185');
INSERT INTO `photo_albums` (`id`, `name`, `user_id`) VALUES ('50', 'et', '188');
INSERT INTO `photo_albums` (`id`, `name`, `user_id`) VALUES ('51', 'facere', '190');
INSERT INTO `photo_albums` (`id`, `name`, `user_id`) VALUES ('52', 'cum', '191');
INSERT INTO `photo_albums` (`id`, `name`, `user_id`) VALUES ('53', 'quae', '192');
INSERT INTO `photo_albums` (`id`, `name`, `user_id`) VALUES ('54', 'consequatur', '193');
INSERT INTO `photo_albums` (`id`, `name`, `user_id`) VALUES ('55', 'molestias', '194');
INSERT INTO `photo_albums` (`id`, `name`, `user_id`) VALUES ('56', 'et', '195');
INSERT INTO `photo_albums` (`id`, `name`, `user_id`) VALUES ('57', 'suscipit', '196');
INSERT INTO `photo_albums` (`id`, `name`, `user_id`) VALUES ('58', 'molestiae', '199');
INSERT INTO `photo_albums` (`id`, `name`, `user_id`) VALUES ('59', 'facere', '101');
INSERT INTO `photo_albums` (`id`, `name`, `user_id`) VALUES ('60', 'sit', '102');
INSERT INTO `photo_albums` (`id`, `name`, `user_id`) VALUES ('61', 'ad', '103');
INSERT INTO `photo_albums` (`id`, `name`, `user_id`) VALUES ('62', 'nostrum', '104');
INSERT INTO `photo_albums` (`id`, `name`, `user_id`) VALUES ('63', 'est', '106');
INSERT INTO `photo_albums` (`id`, `name`, `user_id`) VALUES ('64', 'excepturi', '107');
INSERT INTO `photo_albums` (`id`, `name`, `user_id`) VALUES ('65', 'voluptatem', '109');
INSERT INTO `photo_albums` (`id`, `name`, `user_id`) VALUES ('66', 'magnam', '111');
INSERT INTO `photo_albums` (`id`, `name`, `user_id`) VALUES ('67', 'amet', '114');
INSERT INTO `photo_albums` (`id`, `name`, `user_id`) VALUES ('68', 'repudiandae', '116');
INSERT INTO `photo_albums` (`id`, `name`, `user_id`) VALUES ('69', 'ut', '117');
INSERT INTO `photo_albums` (`id`, `name`, `user_id`) VALUES ('70', 'iste', '118');
INSERT INTO `photo_albums` (`id`, `name`, `user_id`) VALUES ('71', 'eaque', '120');
INSERT INTO `photo_albums` (`id`, `name`, `user_id`) VALUES ('72', 'harum', '121');
INSERT INTO `photo_albums` (`id`, `name`, `user_id`) VALUES ('73', 'quia', '122');
INSERT INTO `photo_albums` (`id`, `name`, `user_id`) VALUES ('74', 'quia', '123');
INSERT INTO `photo_albums` (`id`, `name`, `user_id`) VALUES ('75', 'iste', '124');
INSERT INTO `photo_albums` (`id`, `name`, `user_id`) VALUES ('76', 'quam', '126');
INSERT INTO `photo_albums` (`id`, `name`, `user_id`) VALUES ('77', 'magni', '127');
INSERT INTO `photo_albums` (`id`, `name`, `user_id`) VALUES ('78', 'itaque', '129');
INSERT INTO `photo_albums` (`id`, `name`, `user_id`) VALUES ('79', 'cupiditate', '131');
INSERT INTO `photo_albums` (`id`, `name`, `user_id`) VALUES ('80', 'consequuntur', '132');
INSERT INTO `photo_albums` (`id`, `name`, `user_id`) VALUES ('81', 'rem', '133');
INSERT INTO `photo_albums` (`id`, `name`, `user_id`) VALUES ('82', 'et', '134');
INSERT INTO `photo_albums` (`id`, `name`, `user_id`) VALUES ('83', 'molestiae', '135');
INSERT INTO `photo_albums` (`id`, `name`, `user_id`) VALUES ('84', 'soluta', '136');
INSERT INTO `photo_albums` (`id`, `name`, `user_id`) VALUES ('85', 'nihil', '137');
INSERT INTO `photo_albums` (`id`, `name`, `user_id`) VALUES ('86', 'officia', '138');
INSERT INTO `photo_albums` (`id`, `name`, `user_id`) VALUES ('87', 'aspernatur', '140');
INSERT INTO `photo_albums` (`id`, `name`, `user_id`) VALUES ('88', 'eveniet', '142');
INSERT INTO `photo_albums` (`id`, `name`, `user_id`) VALUES ('89', 'autem', '144');
INSERT INTO `photo_albums` (`id`, `name`, `user_id`) VALUES ('90', 'quae', '145');
INSERT INTO `photo_albums` (`id`, `name`, `user_id`) VALUES ('91', 'debitis', '146');
INSERT INTO `photo_albums` (`id`, `name`, `user_id`) VALUES ('92', 'voluptatem', '150');
INSERT INTO `photo_albums` (`id`, `name`, `user_id`) VALUES ('93', 'autem', '151');
INSERT INTO `photo_albums` (`id`, `name`, `user_id`) VALUES ('94', 'nobis', '152');
INSERT INTO `photo_albums` (`id`, `name`, `user_id`) VALUES ('95', 'deserunt', '154');
INSERT INTO `photo_albums` (`id`, `name`, `user_id`) VALUES ('96', 'non', '157');
INSERT INTO `photo_albums` (`id`, `name`, `user_id`) VALUES ('97', 'voluptate', '158');
INSERT INTO `photo_albums` (`id`, `name`, `user_id`) VALUES ('98', 'quam', '160');
INSERT INTO `photo_albums` (`id`, `name`, `user_id`) VALUES ('99', 'perspiciatis', '161');
INSERT INTO `photo_albums` (`id`, `name`, `user_id`) VALUES ('100', 'voluptatem', '164');


#
# TABLE STRUCTURE FOR: photos
#

DROP TABLE IF EXISTS `photos`;

CREATE TABLE `photos` (
  `id` bigint(20) unsigned NOT NULL AUTO_INCREMENT,
  `album_id` bigint(20) unsigned DEFAULT NULL,
  `media_id` bigint(20) unsigned NOT NULL,
  UNIQUE KEY `id` (`id`),
  KEY `album_id` (`album_id`),
  KEY `media_id` (`media_id`),
  CONSTRAINT `photos_ibfk_1` FOREIGN KEY (`album_id`) REFERENCES `photo_albums` (`id`),
  CONSTRAINT `photos_ibfk_2` FOREIGN KEY (`media_id`) REFERENCES `media` (`id`)
) ENGINE=InnoDB AUTO_INCREMENT=101 DEFAULT CHARSET=utf8mb4 COLLATE=utf8mb4_unicode_ci;

INSERT INTO `photos` (`id`, `album_id`, `media_id`) VALUES ('1', '1', '1');
INSERT INTO `photos` (`id`, `album_id`, `media_id`) VALUES ('2', '2', '2');
INSERT INTO `photos` (`id`, `album_id`, `media_id`) VALUES ('3', '3', '3');
INSERT INTO `photos` (`id`, `album_id`, `media_id`) VALUES ('4', '4', '4');
INSERT INTO `photos` (`id`, `album_id`, `media_id`) VALUES ('5', '5', '5');
INSERT INTO `photos` (`id`, `album_id`, `media_id`) VALUES ('6', '6', '6');
INSERT INTO `photos` (`id`, `album_id`, `media_id`) VALUES ('7', '7', '7');
INSERT INTO `photos` (`id`, `album_id`, `media_id`) VALUES ('8', '8', '8');
INSERT INTO `photos` (`id`, `album_id`, `media_id`) VALUES ('9', '9', '9');
INSERT INTO `photos` (`id`, `album_id`, `media_id`) VALUES ('10', '10', '10');
INSERT INTO `photos` (`id`, `album_id`, `media_id`) VALUES ('11', '11', '11');
INSERT INTO `photos` (`id`, `album_id`, `media_id`) VALUES ('12', '12', '12');
INSERT INTO `photos` (`id`, `album_id`, `media_id`) VALUES ('13', '13', '13');
INSERT INTO `photos` (`id`, `album_id`, `media_id`) VALUES ('14', '14', '14');
INSERT INTO `photos` (`id`, `album_id`, `media_id`) VALUES ('15', '15', '15');
INSERT INTO `photos` (`id`, `album_id`, `media_id`) VALUES ('16', '16', '16');
INSERT INTO `photos` (`id`, `album_id`, `media_id`) VALUES ('17', '17', '17');
INSERT INTO `photos` (`id`, `album_id`, `media_id`) VALUES ('18', '18', '18');
INSERT INTO `photos` (`id`, `album_id`, `media_id`) VALUES ('19', '19', '19');
INSERT INTO `photos` (`id`, `album_id`, `media_id`) VALUES ('20', '20', '20');
INSERT INTO `photos` (`id`, `album_id`, `media_id`) VALUES ('21', '21', '21');
INSERT INTO `photos` (`id`, `album_id`, `media_id`) VALUES ('22', '22', '22');
INSERT INTO `photos` (`id`, `album_id`, `media_id`) VALUES ('23', '23', '23');
INSERT INTO `photos` (`id`, `album_id`, `media_id`) VALUES ('24', '24', '24');
INSERT INTO `photos` (`id`, `album_id`, `media_id`) VALUES ('25', '25', '25');
INSERT INTO `photos` (`id`, `album_id`, `media_id`) VALUES ('26', '26', '26');
INSERT INTO `photos` (`id`, `album_id`, `media_id`) VALUES ('27', '27', '27');
INSERT INTO `photos` (`id`, `album_id`, `media_id`) VALUES ('28', '28', '28');
INSERT INTO `photos` (`id`, `album_id`, `media_id`) VALUES ('29', '29', '29');
INSERT INTO `photos` (`id`, `album_id`, `media_id`) VALUES ('30', '30', '30');
INSERT INTO `photos` (`id`, `album_id`, `media_id`) VALUES ('31', '31', '31');
INSERT INTO `photos` (`id`, `album_id`, `media_id`) VALUES ('32', '32', '32');
INSERT INTO `photos` (`id`, `album_id`, `media_id`) VALUES ('33', '33', '33');
INSERT INTO `photos` (`id`, `album_id`, `media_id`) VALUES ('34', '34', '34');
INSERT INTO `photos` (`id`, `album_id`, `media_id`) VALUES ('35', '35', '35');
INSERT INTO `photos` (`id`, `album_id`, `media_id`) VALUES ('36', '36', '36');
INSERT INTO `photos` (`id`, `album_id`, `media_id`) VALUES ('37', '37', '37');
INSERT INTO `photos` (`id`, `album_id`, `media_id`) VALUES ('38', '38', '38');
INSERT INTO `photos` (`id`, `album_id`, `media_id`) VALUES ('39', '39', '39');
INSERT INTO `photos` (`id`, `album_id`, `media_id`) VALUES ('40', '40', '40');
INSERT INTO `photos` (`id`, `album_id`, `media_id`) VALUES ('41', '41', '41');
INSERT INTO `photos` (`id`, `album_id`, `media_id`) VALUES ('42', '42', '42');
INSERT INTO `photos` (`id`, `album_id`, `media_id`) VALUES ('43', '43', '43');
INSERT INTO `photos` (`id`, `album_id`, `media_id`) VALUES ('44', '44', '44');
INSERT INTO `photos` (`id`, `album_id`, `media_id`) VALUES ('45', '45', '45');
INSERT INTO `photos` (`id`, `album_id`, `media_id`) VALUES ('46', '46', '46');
INSERT INTO `photos` (`id`, `album_id`, `media_id`) VALUES ('47', '47', '47');
INSERT INTO `photos` (`id`, `album_id`, `media_id`) VALUES ('48', '48', '48');
INSERT INTO `photos` (`id`, `album_id`, `media_id`) VALUES ('49', '49', '49');
INSERT INTO `photos` (`id`, `album_id`, `media_id`) VALUES ('50', '50', '50');
INSERT INTO `photos` (`id`, `album_id`, `media_id`) VALUES ('51', '51', '51');
INSERT INTO `photos` (`id`, `album_id`, `media_id`) VALUES ('52', '52', '52');
INSERT INTO `photos` (`id`, `album_id`, `media_id`) VALUES ('53', '53', '53');
INSERT INTO `photos` (`id`, `album_id`, `media_id`) VALUES ('54', '54', '54');
INSERT INTO `photos` (`id`, `album_id`, `media_id`) VALUES ('55', '55', '55');
INSERT INTO `photos` (`id`, `album_id`, `media_id`) VALUES ('56', '56', '56');
INSERT INTO `photos` (`id`, `album_id`, `media_id`) VALUES ('57', '57', '57');
INSERT INTO `photos` (`id`, `album_id`, `media_id`) VALUES ('58', '58', '58');
INSERT INTO `photos` (`id`, `album_id`, `media_id`) VALUES ('59', '59', '59');
INSERT INTO `photos` (`id`, `album_id`, `media_id`) VALUES ('60', '60', '60');
INSERT INTO `photos` (`id`, `album_id`, `media_id`) VALUES ('61', '61', '61');
INSERT INTO `photos` (`id`, `album_id`, `media_id`) VALUES ('62', '62', '62');
INSERT INTO `photos` (`id`, `album_id`, `media_id`) VALUES ('63', '63', '63');
INSERT INTO `photos` (`id`, `album_id`, `media_id`) VALUES ('64', '64', '64');
INSERT INTO `photos` (`id`, `album_id`, `media_id`) VALUES ('65', '65', '65');
INSERT INTO `photos` (`id`, `album_id`, `media_id`) VALUES ('66', '66', '66');
INSERT INTO `photos` (`id`, `album_id`, `media_id`) VALUES ('67', '67', '67');
INSERT INTO `photos` (`id`, `album_id`, `media_id`) VALUES ('68', '68', '68');
INSERT INTO `photos` (`id`, `album_id`, `media_id`) VALUES ('69', '69', '69');
INSERT INTO `photos` (`id`, `album_id`, `media_id`) VALUES ('70', '70', '70');
INSERT INTO `photos` (`id`, `album_id`, `media_id`) VALUES ('71', '71', '71');
INSERT INTO `photos` (`id`, `album_id`, `media_id`) VALUES ('72', '72', '72');
INSERT INTO `photos` (`id`, `album_id`, `media_id`) VALUES ('73', '73', '73');
INSERT INTO `photos` (`id`, `album_id`, `media_id`) VALUES ('74', '74', '74');
INSERT INTO `photos` (`id`, `album_id`, `media_id`) VALUES ('75', '75', '75');
INSERT INTO `photos` (`id`, `album_id`, `media_id`) VALUES ('76', '76', '76');
INSERT INTO `photos` (`id`, `album_id`, `media_id`) VALUES ('77', '77', '77');
INSERT INTO `photos` (`id`, `album_id`, `media_id`) VALUES ('78', '78', '78');
INSERT INTO `photos` (`id`, `album_id`, `media_id`) VALUES ('79', '79', '79');
INSERT INTO `photos` (`id`, `album_id`, `media_id`) VALUES ('80', '80', '80');
INSERT INTO `photos` (`id`, `album_id`, `media_id`) VALUES ('81', '81', '81');
INSERT INTO `photos` (`id`, `album_id`, `media_id`) VALUES ('82', '82', '82');
INSERT INTO `photos` (`id`, `album_id`, `media_id`) VALUES ('83', '83', '83');
INSERT INTO `photos` (`id`, `album_id`, `media_id`) VALUES ('84', '84', '84');
INSERT INTO `photos` (`id`, `album_id`, `media_id`) VALUES ('85', '85', '85');
INSERT INTO `photos` (`id`, `album_id`, `media_id`) VALUES ('86', '86', '86');
INSERT INTO `photos` (`id`, `album_id`, `media_id`) VALUES ('87', '87', '87');
INSERT INTO `photos` (`id`, `album_id`, `media_id`) VALUES ('88', '88', '88');
INSERT INTO `photos` (`id`, `album_id`, `media_id`) VALUES ('89', '89', '89');
INSERT INTO `photos` (`id`, `album_id`, `media_id`) VALUES ('90', '90', '90');
INSERT INTO `photos` (`id`, `album_id`, `media_id`) VALUES ('91', '91', '91');
INSERT INTO `photos` (`id`, `album_id`, `media_id`) VALUES ('92', '92', '92');
INSERT INTO `photos` (`id`, `album_id`, `media_id`) VALUES ('93', '93', '93');
INSERT INTO `photos` (`id`, `album_id`, `media_id`) VALUES ('94', '94', '94');
INSERT INTO `photos` (`id`, `album_id`, `media_id`) VALUES ('95', '95', '95');
INSERT INTO `photos` (`id`, `album_id`, `media_id`) VALUES ('96', '96', '96');
INSERT INTO `photos` (`id`, `album_id`, `media_id`) VALUES ('97', '97', '97');
INSERT INTO `photos` (`id`, `album_id`, `media_id`) VALUES ('98', '98', '98');
INSERT INTO `photos` (`id`, `album_id`, `media_id`) VALUES ('99', '99', '99');
INSERT INTO `photos` (`id`, `album_id`, `media_id`) VALUES ('100', '100', '100');


#
# TABLE STRUCTURE FOR: profiles
#

DROP TABLE IF EXISTS `profiles`;

CREATE TABLE `profiles` (
  `user_id` bigint(20) unsigned NOT NULL,
  `gender` char(1) COLLATE utf8mb4_unicode_ci DEFAULT NULL,
  `birthday` date DEFAULT NULL,
  `photo_id` bigint(20) unsigned DEFAULT NULL,
  `created_at` datetime DEFAULT current_timestamp(),
  `hometown` varchar(100) COLLATE utf8mb4_unicode_ci DEFAULT NULL,
  UNIQUE KEY `user_id` (`user_id`),
  CONSTRAINT `fk_user_id` FOREIGN KEY (`user_id`) REFERENCES `users` (`id`) ON DELETE NO ACTION ON UPDATE CASCADE
) ENGINE=InnoDB DEFAULT CHARSET=utf8mb4 COLLATE=utf8mb4_unicode_ci;

INSERT INTO `profiles` (`user_id`, `gender`, `birthday`, `photo_id`, `created_at`, `hometown`) VALUES ('101', 'P', '1971-04-06', '1', '2004-12-21 04:08:01', '052 Rosetta Mill\nNew Sister, WA 42826');
INSERT INTO `profiles` (`user_id`, `gender`, `birthday`, `photo_id`, `created_at`, `hometown`) VALUES ('102', 'D', '1985-10-24', '2', '1999-10-10 18:23:00', '13236 Delilah Oval Apt. 717\nNorth Ernestine, FL 70270-6331');
INSERT INTO `profiles` (`user_id`, `gender`, `birthday`, `photo_id`, `created_at`, `hometown`) VALUES ('103', 'M', '1990-10-31', '3', '2003-01-03 15:21:51', '747 Nader Shores\nTillmanport, VT 17054');
INSERT INTO `profiles` (`user_id`, `gender`, `birthday`, `photo_id`, `created_at`, `hometown`) VALUES ('104', 'D', '2011-02-03', '4', '2001-09-03 11:08:04', '832 Felix Turnpike\nMicahhaven, MD 68851-2941');
INSERT INTO `profiles` (`user_id`, `gender`, `birthday`, `photo_id`, `created_at`, `hometown`) VALUES ('106', 'M', '2017-07-09', '5', '2011-11-03 23:20:38', '1448 Pfeffer Valley\nRosemaryland, CT 03018-8174');
INSERT INTO `profiles` (`user_id`, `gender`, `birthday`, `photo_id`, `created_at`, `hometown`) VALUES ('107', 'P', '1994-06-29', '6', '1972-07-17 04:48:43', '75995 Casper Courts\nCarterville, MT 54106');
INSERT INTO `profiles` (`user_id`, `gender`, `birthday`, `photo_id`, `created_at`, `hometown`) VALUES ('109', 'M', '1992-12-06', '7', '1972-09-12 05:09:18', '9647 Lesch Stream\nPort Xanderhaven, HI 55873-1749');
INSERT INTO `profiles` (`user_id`, `gender`, `birthday`, `photo_id`, `created_at`, `hometown`) VALUES ('111', 'P', '2007-10-10', '8', '1971-03-17 10:59:58', '707 O\'Keefe Radial Apt. 939\nZboncakberg, AK 73396-4569');
INSERT INTO `profiles` (`user_id`, `gender`, `birthday`, `photo_id`, `created_at`, `hometown`) VALUES ('114', 'M', '1983-10-14', '9', '1998-09-07 05:00:54', '78976 Coralie Ports Apt. 140\nNayelistad, MO 57746');
INSERT INTO `profiles` (`user_id`, `gender`, `birthday`, `photo_id`, `created_at`, `hometown`) VALUES ('116', 'D', '1993-07-03', '10', '2020-04-28 01:26:39', '5751 Carmel Prairie Apt. 054\nWalshside, UT 31411-5966');
INSERT INTO `profiles` (`user_id`, `gender`, `birthday`, `photo_id`, `created_at`, `hometown`) VALUES ('117', 'M', '1975-10-27', '11', '1981-09-23 09:57:01', '89366 Borer Prairie Apt. 054\nSouth Dwightshire, DC 09188-6059');
INSERT INTO `profiles` (`user_id`, `gender`, `birthday`, `photo_id`, `created_at`, `hometown`) VALUES ('118', 'M', '2007-01-29', '12', '2019-04-27 18:24:48', '6218 Hegmann Flat\nBrionnamouth, CT 09291');
INSERT INTO `profiles` (`user_id`, `gender`, `birthday`, `photo_id`, `created_at`, `hometown`) VALUES ('120', 'D', '2004-01-23', '13', '2014-03-14 20:29:13', '96156 Emmerich Centers\nEast Halle, MI 40422');
INSERT INTO `profiles` (`user_id`, `gender`, `birthday`, `photo_id`, `created_at`, `hometown`) VALUES ('121', 'P', '1979-01-15', '14', '1992-07-17 20:50:47', '984 Ankunding Parkways\nNew Kristian, ME 06946');
INSERT INTO `profiles` (`user_id`, `gender`, `birthday`, `photo_id`, `created_at`, `hometown`) VALUES ('122', 'D', '1970-01-06', '15', '1979-02-08 15:17:34', '710 Pierre Underpass\nOrlandostad, TX 50830');
INSERT INTO `profiles` (`user_id`, `gender`, `birthday`, `photo_id`, `created_at`, `hometown`) VALUES ('123', 'D', '2005-05-21', '16', '2003-12-17 22:46:34', '14110 Prosacco Ridge\nEast Breanna, VA 96467');
INSERT INTO `profiles` (`user_id`, `gender`, `birthday`, `photo_id`, `created_at`, `hometown`) VALUES ('124', 'M', '2012-02-10', '17', '2004-09-09 19:49:22', '381 Volkman Junction Apt. 378\nAlannatown, NM 82522');
INSERT INTO `profiles` (`user_id`, `gender`, `birthday`, `photo_id`, `created_at`, `hometown`) VALUES ('126', 'P', '1973-11-13', '18', '2016-07-12 09:12:53', '9602 Estrella Port Apt. 756\nGreenfeldershire, SC 53707');
INSERT INTO `profiles` (`user_id`, `gender`, `birthday`, `photo_id`, `created_at`, `hometown`) VALUES ('127', 'D', '2004-07-01', '19', '2018-04-11 08:23:28', '66167 Iliana Burg Suite 122\nSouth Coralie, DE 14552');
INSERT INTO `profiles` (`user_id`, `gender`, `birthday`, `photo_id`, `created_at`, `hometown`) VALUES ('129', 'P', '1994-05-09', '20', '1982-12-22 21:27:48', '647 Urban Causeway\nWest Angelfort, CA 79670');
INSERT INTO `profiles` (`user_id`, `gender`, `birthday`, `photo_id`, `created_at`, `hometown`) VALUES ('131', 'M', '1988-10-29', '21', '2003-02-27 19:38:24', '51998 Casper Glens\nNew Rosariofort, NC 91247');
INSERT INTO `profiles` (`user_id`, `gender`, `birthday`, `photo_id`, `created_at`, `hometown`) VALUES ('132', 'D', '1998-04-28', '22', '2015-10-03 17:05:39', '81105 Friedrich Overpass\nWildermanstad, AL 33972-8613');
INSERT INTO `profiles` (`user_id`, `gender`, `birthday`, `photo_id`, `created_at`, `hometown`) VALUES ('133', 'M', '1976-03-14', '23', '1975-08-19 12:18:54', '398 Adriel Mountain Suite 633\nNorth Kayleetown, SD 19117');
INSERT INTO `profiles` (`user_id`, `gender`, `birthday`, `photo_id`, `created_at`, `hometown`) VALUES ('134', 'P', '2004-01-01', '24', '1971-08-29 07:03:56', '259 Walsh Underpass\nWest Samirbury, WV 70063');
INSERT INTO `profiles` (`user_id`, `gender`, `birthday`, `photo_id`, `created_at`, `hometown`) VALUES ('135', 'D', '2012-07-15', '25', '1982-09-19 11:30:23', '5902 Beer Curve Apt. 059\nEast Unique, IN 30761-1421');
INSERT INTO `profiles` (`user_id`, `gender`, `birthday`, `photo_id`, `created_at`, `hometown`) VALUES ('136', 'M', '2000-03-24', '26', '2015-03-02 02:32:07', '396 Elvis Mountains\nRigobertoville, UT 06661');
INSERT INTO `profiles` (`user_id`, `gender`, `birthday`, `photo_id`, `created_at`, `hometown`) VALUES ('137', 'D', '1971-04-26', '27', '1978-11-28 04:27:10', '953 Linnie Plains Suite 333\nWest Antone, AZ 76167');
INSERT INTO `profiles` (`user_id`, `gender`, `birthday`, `photo_id`, `created_at`, `hometown`) VALUES ('138', 'D', '1980-02-10', '28', '1972-03-30 17:38:20', '544 Brett Estate\nPort Camryn, MS 49483-7788');
INSERT INTO `profiles` (`user_id`, `gender`, `birthday`, `photo_id`, `created_at`, `hometown`) VALUES ('140', 'M', '2015-11-21', '29', '2007-02-19 01:27:44', '848 Nitzsche Bypass Apt. 012\nWest Rosemarieton, MS 37491');
INSERT INTO `profiles` (`user_id`, `gender`, `birthday`, `photo_id`, `created_at`, `hometown`) VALUES ('142', 'P', '1985-07-13', '30', '1994-06-12 15:18:05', '750 Tanya Port\nDemondville, WY 54078-0310');
INSERT INTO `profiles` (`user_id`, `gender`, `birthday`, `photo_id`, `created_at`, `hometown`) VALUES ('144', 'M', '2002-08-19', '31', '1995-03-29 16:14:58', '074 Weber Meadows\nMrazmouth, MI 72293-3389');
INSERT INTO `profiles` (`user_id`, `gender`, `birthday`, `photo_id`, `created_at`, `hometown`) VALUES ('145', 'P', '2006-10-22', '32', '1979-07-03 23:21:12', '243 Lowe Branch Apt. 658\nElodychester, AK 47797-2103');
INSERT INTO `profiles` (`user_id`, `gender`, `birthday`, `photo_id`, `created_at`, `hometown`) VALUES ('146', 'M', '1984-11-26', '33', '1995-11-03 06:34:25', '86470 Hyman Court\nLebsackberg, ID 45418');
INSERT INTO `profiles` (`user_id`, `gender`, `birthday`, `photo_id`, `created_at`, `hometown`) VALUES ('150', 'P', '1985-04-30', '34', '1982-06-08 22:26:02', '488 Okey Manor\nFrankieborough, MN 94230');
INSERT INTO `profiles` (`user_id`, `gender`, `birthday`, `photo_id`, `created_at`, `hometown`) VALUES ('151', 'M', '1986-11-28', '35', '2017-07-31 07:49:25', '8465 Aufderhar Coves\nPort Sophie, NH 20784');
INSERT INTO `profiles` (`user_id`, `gender`, `birthday`, `photo_id`, `created_at`, `hometown`) VALUES ('152', 'M', '2010-05-18', '36', '1972-08-30 11:35:23', '70653 John Islands Suite 151\nStephaniaside, VT 92292');
INSERT INTO `profiles` (`user_id`, `gender`, `birthday`, `photo_id`, `created_at`, `hometown`) VALUES ('154', 'M', '1986-07-24', '37', '1983-11-26 06:28:27', '21415 Remington Ports\nFrancesborough, ME 34656-5984');
INSERT INTO `profiles` (`user_id`, `gender`, `birthday`, `photo_id`, `created_at`, `hometown`) VALUES ('157', 'M', '2019-10-04', '38', '2019-05-28 23:43:28', '6595 Marilyne Valley\nLianashire, TX 18398-9257');
INSERT INTO `profiles` (`user_id`, `gender`, `birthday`, `photo_id`, `created_at`, `hometown`) VALUES ('158', 'M', '2018-12-21', '39', '1984-07-21 20:14:54', '5787 Frederic Passage\nWilliamsonmouth, WA 63367-8080');
INSERT INTO `profiles` (`user_id`, `gender`, `birthday`, `photo_id`, `created_at`, `hometown`) VALUES ('160', 'P', '2013-07-20', '40', '2019-11-24 18:55:59', '6466 Pamela Parkway Suite 658\nOfeliaborough, ND 02748');
INSERT INTO `profiles` (`user_id`, `gender`, `birthday`, `photo_id`, `created_at`, `hometown`) VALUES ('161', 'M', '2003-07-24', '41', '2014-12-13 02:24:42', '81834 Abbie Drives\nWalterside, MI 95873');
INSERT INTO `profiles` (`user_id`, `gender`, `birthday`, `photo_id`, `created_at`, `hometown`) VALUES ('164', 'M', '2018-05-01', '42', '1977-09-23 11:54:07', '630 Tierra Alley\nPort Briannemouth, GA 56675-5106');
INSERT INTO `profiles` (`user_id`, `gender`, `birthday`, `photo_id`, `created_at`, `hometown`) VALUES ('168', 'D', '1997-09-17', '43', '2010-09-22 16:38:57', '050 Earl Orchard\nIdabury, TN 49709-6224');
INSERT INTO `profiles` (`user_id`, `gender`, `birthday`, `photo_id`, `created_at`, `hometown`) VALUES ('177', 'M', '2004-10-08', '44', '2012-04-14 21:59:56', '8481 Wilhelm Flats Apt. 202\nLake Darby, NY 10621');
INSERT INTO `profiles` (`user_id`, `gender`, `birthday`, `photo_id`, `created_at`, `hometown`) VALUES ('178', 'M', '2002-04-23', '45', '2017-08-26 14:27:50', '793 Elias Lodge\nWest Sherwood, CT 08427');
INSERT INTO `profiles` (`user_id`, `gender`, `birthday`, `photo_id`, `created_at`, `hometown`) VALUES ('179', 'M', '2009-11-13', '46', '1997-09-06 04:07:00', '41785 Buckridge Pines Apt. 022\nEast Theo, WI 63650');
INSERT INTO `profiles` (`user_id`, `gender`, `birthday`, `photo_id`, `created_at`, `hometown`) VALUES ('180', 'M', '1993-09-12', '47', '2015-03-06 20:03:16', '4407 VonRueden Plaza\nLomaborough, IA 88902-5723');
INSERT INTO `profiles` (`user_id`, `gender`, `birthday`, `photo_id`, `created_at`, `hometown`) VALUES ('183', 'M', '1985-04-10', '48', '1994-02-28 19:17:52', '69820 Armstrong Pines\nMadelineside, WV 02094');
INSERT INTO `profiles` (`user_id`, `gender`, `birthday`, `photo_id`, `created_at`, `hometown`) VALUES ('185', 'M', '1973-04-22', '49', '2019-09-11 23:10:29', '8619 Price Harbors\nRicebury, LA 69539-9225');
INSERT INTO `profiles` (`user_id`, `gender`, `birthday`, `photo_id`, `created_at`, `hometown`) VALUES ('188', 'D', '1971-03-04', '50', '1987-12-28 11:21:07', '6208 Walter Squares Apt. 345\nNorth Kendall, AK 35922-9288');


#
# TABLE STRUCTURE FOR: users
#

DROP TABLE IF EXISTS `users`;

CREATE TABLE `users` (
  `id` bigint(20) unsigned NOT NULL AUTO_INCREMENT,
  `firstname` varchar(50) COLLATE utf8mb4_unicode_ci DEFAULT NULL,
  `lastname` varchar(50) COLLATE utf8mb4_unicode_ci DEFAULT NULL COMMENT '',
  `email` varchar(120) COLLATE utf8mb4_unicode_ci DEFAULT NULL,
  `password_hash` varchar(100) COLLATE utf8mb4_unicode_ci DEFAULT NULL,
  `phone` bigint(20) unsigned DEFAULT NULL,
  PRIMARY KEY (`id`),
  UNIQUE KEY `email` (`email`),
  UNIQUE KEY `phone` (`phone`),
  KEY `users_firstname_lastname_idx` (`firstname`,`lastname`)
) ENGINE=InnoDB AUTO_INCREMENT=201 DEFAULT CHARSET=utf8mb4 COLLATE=utf8mb4_unicode_ci COMMENT='';

INSERT INTO `users` (`id`, `firstname`, `lastname`, `email`, `password_hash`, `phone`) VALUES ('101', 'Kenyatta', 'Miller', 'fay.mack@example.org', '8b7f3fa5f8f2b71c6945c98f12e319026f51ca69', '64');
INSERT INTO `users` (`id`, `firstname`, `lastname`, `email`, `password_hash`, `phone`) VALUES ('102', 'Lola', 'Bartoletti', 'alfred.lockman@example.org', '847407e33571bf49ae961a71a106a9efcf7d36a1', '76');
INSERT INTO `users` (`id`, `firstname`, `lastname`, `email`, `password_hash`, `phone`) VALUES ('103', 'Naomie', 'Reichert', 'lonzo.gerlach@example.net', '4bb12b41595253bdb2afc7ebba1d3aa0fb3a3218', '890');
INSERT INTO `users` (`id`, `firstname`, `lastname`, `email`, `password_hash`, `phone`) VALUES ('104', 'Jarrod', 'Hilpert', 'labadie.osvaldo@example.net', '21e31fa46c09b2ef21cf1ad80115e29e14fd1f09', '1');
INSERT INTO `users` (`id`, `firstname`, `lastname`, `email`, `password_hash`, `phone`) VALUES ('106', 'Minnie', 'Kautzer', 'nellie.nienow@example.net', 'fae413c8fe36d3949324dba18120a4c437fc4e3e', '0');
INSERT INTO `users` (`id`, `firstname`, `lastname`, `email`, `password_hash`, `phone`) VALUES ('107', 'Agustin', 'Nader', 'sipes.wellington@example.com', '48aaf534ed8bb5871099b60e910847abe53805e4', '361');
INSERT INTO `users` (`id`, `firstname`, `lastname`, `email`, `password_hash`, `phone`) VALUES ('109', 'Rogers', 'Hagenes', 'ckrajcik@example.org', '464f234bf0a7dccc184484f8bfa4bbf5ccdb03bd', '353');
INSERT INTO `users` (`id`, `firstname`, `lastname`, `email`, `password_hash`, `phone`) VALUES ('111', 'Betty', 'Bailey', 'kohler.mona@example.net', 'dc4b4b19e7e19cc267afa0376bdbdc29307db5d6', '6285577319');
INSERT INTO `users` (`id`, `firstname`, `lastname`, `email`, `password_hash`, `phone`) VALUES ('114', 'Tatyana', 'Bogisich', 'name96@example.com', '83a076b26c9853bbb419857bc7c1a3a5b0947d8c', '303933');
INSERT INTO `users` (`id`, `firstname`, `lastname`, `email`, `password_hash`, `phone`) VALUES ('116', 'Kaylah', 'Breitenberg', 'mjaskolski@example.com', '7bdabd9525fbb5f1a2998fa36bb5078be84047de', '75');
INSERT INTO `users` (`id`, `firstname`, `lastname`, `email`, `password_hash`, `phone`) VALUES ('117', 'Kirsten', 'Kiehn', 'doyle.collier@example.org', 'b8ac9dba662e8eb68603c6d9391475108f85c194', '597546');
INSERT INTO `users` (`id`, `firstname`, `lastname`, `email`, `password_hash`, `phone`) VALUES ('118', 'Pierce', 'Altenwerth', 'pdietrich@example.net', '7667bd906cfe3ee41a93ba2542406065622867bb', '469208');
INSERT INTO `users` (`id`, `firstname`, `lastname`, `email`, `password_hash`, `phone`) VALUES ('120', 'Wilbert', 'Bruen', 'belle87@example.org', '0725df8ea0885e2c0908f9edff6857aa5aed4e3a', '487288');
INSERT INTO `users` (`id`, `firstname`, `lastname`, `email`, `password_hash`, `phone`) VALUES ('121', 'Zelma', 'Larson', 'abigayle20@example.com', '93779085bd6ea1058add243b438b2cef20d86227', '5509389451');
INSERT INTO `users` (`id`, `firstname`, `lastname`, `email`, `password_hash`, `phone`) VALUES ('122', 'Marlin', 'Leffler', 'carolanne06@example.net', 'a6304d401361873e9577a32c357f0093788e6bb3', '743');
INSERT INTO `users` (`id`, `firstname`, `lastname`, `email`, `password_hash`, `phone`) VALUES ('123', 'Tony', 'Swift', 'lester59@example.org', '672e4d021269facf80846ea747be393845bbd5d3', '26');
INSERT INTO `users` (`id`, `firstname`, `lastname`, `email`, `password_hash`, `phone`) VALUES ('124', 'Jaqueline', 'Armstrong', 'kayli67@example.net', 'ebfb8cbfa8dd4f94b222d723e57fcb6e90b6fc24', '931');
INSERT INTO `users` (`id`, `firstname`, `lastname`, `email`, `password_hash`, `phone`) VALUES ('126', 'Shaun', 'Dooley', 'nayeli.davis@example.com', '76ec0091d55aad156615d3db1be8eb231c44c11f', '66');
INSERT INTO `users` (`id`, `firstname`, `lastname`, `email`, `password_hash`, `phone`) VALUES ('127', 'Geraldine', 'Dickinson', 'rodriguez.terrill@example.net', '643404f8dedbb3a1c495b960464f1236ed49962b', '976472');
INSERT INTO `users` (`id`, `firstname`, `lastname`, `email`, `password_hash`, `phone`) VALUES ('129', 'Shanon', 'Green', 'shanahan.kylie@example.com', 'ce66713596e567b1d5dd96f5d536d508c7809a55', '486');
INSERT INTO `users` (`id`, `firstname`, `lastname`, `email`, `password_hash`, `phone`) VALUES ('131', 'Rowena', 'Daugherty', 'sadye88@example.net', '1ddc09fb2efa0960a7b310f63ad44262d9e5f40b', '936');
INSERT INTO `users` (`id`, `firstname`, `lastname`, `email`, `password_hash`, `phone`) VALUES ('132', 'Cassandre', 'Kub', 'ryann75@example.com', '87b61fbd65c8d42f5ea05a9cfe7a39915e158396', '1326818634');
INSERT INTO `users` (`id`, `firstname`, `lastname`, `email`, `password_hash`, `phone`) VALUES ('133', 'Rafaela', 'Koepp', 'eudora.parisian@example.net', '05ee8db409d382bddd527a3ad836d9eb84ddbdc6', '654');
INSERT INTO `users` (`id`, `firstname`, `lastname`, `email`, `password_hash`, `phone`) VALUES ('134', 'Adrian', 'Rowe', 'jabari.fisher@example.org', '0249cd8f544d95b296965000d99aecc47c82227b', '82');
INSERT INTO `users` (`id`, `firstname`, `lastname`, `email`, `password_hash`, `phone`) VALUES ('135', 'Shaylee', 'Hettinger', 'xdonnelly@example.com', '06c9184cd4eba19dc96533eff217f8a32cea71bb', '176530664');
INSERT INTO `users` (`id`, `firstname`, `lastname`, `email`, `password_hash`, `phone`) VALUES ('136', 'Alf', 'Littel', 'svandervort@example.org', 'cf5b08d40ba363de252f9ed325ad32c659874065', '118138415');
INSERT INTO `users` (`id`, `firstname`, `lastname`, `email`, `password_hash`, `phone`) VALUES ('137', 'Cornell', 'Maggio', 'rodrick49@example.net', '5506de196551f9bafaeb8b63b166377580a9c7e1', '806');
INSERT INTO `users` (`id`, `firstname`, `lastname`, `email`, `password_hash`, `phone`) VALUES ('138', 'Jose', 'Predovic', 'hartmann.pearline@example.net', '19afddcc435a932e824d615d16a8db06e08ec151', '503257');
INSERT INTO `users` (`id`, `firstname`, `lastname`, `email`, `password_hash`, `phone`) VALUES ('140', 'Jonatan', 'Eichmann', 'davonte29@example.net', '3c5bea71fcde13045e4207fa36bbdf359ba783d1', '232455');
INSERT INTO `users` (`id`, `firstname`, `lastname`, `email`, `password_hash`, `phone`) VALUES ('142', 'Wilford', 'Schaden', 'schmitt.nicholaus@example.net', '7f5ce1f1641290562e69fae6c580da3e15f0a2d2', '277');
INSERT INTO `users` (`id`, `firstname`, `lastname`, `email`, `password_hash`, `phone`) VALUES ('144', 'Llewellyn', 'Heidenreich', 'shanahan.margarett@example.net', '19936b3c2a806886cc075b5a51eb73ee7a249dea', '874');
INSERT INTO `users` (`id`, `firstname`, `lastname`, `email`, `password_hash`, `phone`) VALUES ('145', 'Antonina', 'Lang', 'reina.vonrueden@example.net', '48576f2e2e1cc3f12087e5a02c0646e02738a2cf', '737');
INSERT INTO `users` (`id`, `firstname`, `lastname`, `email`, `password_hash`, `phone`) VALUES ('146', 'Tyrique', 'Balistreri', 'lkunze@example.net', 'c430dd22f8b53027838881234ec342dbcccb9ec7', '307215');
INSERT INTO `users` (`id`, `firstname`, `lastname`, `email`, `password_hash`, `phone`) VALUES ('150', 'Elinore', 'Okuneva', 'yrunte@example.com', '22c845ec6742d3a8955650a50ca1d22fd83ffa79', '53');
INSERT INTO `users` (`id`, `firstname`, `lastname`, `email`, `password_hash`, `phone`) VALUES ('151', 'Virginia', 'Langosh', 'imelda.o\'hara@example.org', '520253255de63ad46fc7f0d437f0113677cac6cd', '5386630262');
INSERT INTO `users` (`id`, `firstname`, `lastname`, `email`, `password_hash`, `phone`) VALUES ('152', 'Zechariah', 'Nitzsche', 'xwest@example.org', '438d05e7053b9fe1f2f1968ffc91c01dbbe4cc39', '366');
INSERT INTO `users` (`id`, `firstname`, `lastname`, `email`, `password_hash`, `phone`) VALUES ('154', 'Sarina', 'Pouros', 'sam.konopelski@example.net', '0617f6958850095b7cb905fcea269b6aad1282ff', '387');
INSERT INTO `users` (`id`, `firstname`, `lastname`, `email`, `password_hash`, `phone`) VALUES ('157', 'Maudie', 'Casper', 'breana.ernser@example.com', '845c25f7e9747c108fdd8ee40b59c32014753978', '970129');
INSERT INTO `users` (`id`, `firstname`, `lastname`, `email`, `password_hash`, `phone`) VALUES ('158', 'Carole', 'Sauer', 'francesca.armstrong@example.org', '426027eb137ee3838711d3af6055632b5112f5f6', '558');
INSERT INTO `users` (`id`, `firstname`, `lastname`, `email`, `password_hash`, `phone`) VALUES ('160', 'Ahmad', 'Koepp', 'kevon.purdy@example.org', '7a80732cf17c980a4ad2bb566f023517412833f1', '2');
INSERT INTO `users` (`id`, `firstname`, `lastname`, `email`, `password_hash`, `phone`) VALUES ('161', 'Alana', 'Aufderhar', 'gus98@example.net', '918bc9efab5f1235242582839c0b05178fcfcc99', '50');
INSERT INTO `users` (`id`, `firstname`, `lastname`, `email`, `password_hash`, `phone`) VALUES ('164', 'Tanner', 'Ward', 'qhowe@example.net', 'd4c13a90a508e15550257043baf1058db97eaf8b', '779124');
INSERT INTO `users` (`id`, `firstname`, `lastname`, `email`, `password_hash`, `phone`) VALUES ('168', 'Jonatan', 'Schinner', 'loraine.senger@example.net', 'fa9550234351c1bec6c34cf08957626ba26d6651', '804');
INSERT INTO `users` (`id`, `firstname`, `lastname`, `email`, `password_hash`, `phone`) VALUES ('177', 'Adele', 'Walter', 'elsa.adams@example.org', '5716a1fec7f9c4466467a50730775fd080ad950e', '447131');
INSERT INTO `users` (`id`, `firstname`, `lastname`, `email`, `password_hash`, `phone`) VALUES ('178', 'Adriel', 'Paucek', 'remmerich@example.net', 'd703b16b4ba6979ef082b315461075a3b5fd3941', '69980');
INSERT INTO `users` (`id`, `firstname`, `lastname`, `email`, `password_hash`, `phone`) VALUES ('179', 'Mariane', 'Raynor', 'sierra06@example.org', '2dbfeb9aa801441cb2b29051d541620dee53f8ca', '839');
INSERT INTO `users` (`id`, `firstname`, `lastname`, `email`, `password_hash`, `phone`) VALUES ('180', 'William', 'Kuvalis', 'hagenes.vida@example.org', '2e42b03a217c74f4ddb17b4b9ff19fd925bc3298', '1111102157');
INSERT INTO `users` (`id`, `firstname`, `lastname`, `email`, `password_hash`, `phone`) VALUES ('183', 'Mazie', 'Hahn', 'merritt80@example.com', '289ecde3a07c961f19019fa8a23f25a1ed4f7560', '571418');
INSERT INTO `users` (`id`, `firstname`, `lastname`, `email`, `password_hash`, `phone`) VALUES ('185', 'Jaylen', 'Barrows', 'ernser.chloe@example.org', 'e64cf09f95fb022dd7f1e2b4f54437a5a3e9f4d6', '8040832424');
INSERT INTO `users` (`id`, `firstname`, `lastname`, `email`, `password_hash`, `phone`) VALUES ('188', 'Serenity', 'Rath', 'douglas.bertha@example.org', '40e5241c1d0ea8a5b809a5073222dd0a7df48675', '673471');
INSERT INTO `users` (`id`, `firstname`, `lastname`, `email`, `password_hash`, `phone`) VALUES ('190', 'Anne', 'Block', 'newton.beatty@example.net', '3831d2a73922cad2e5f9f2ab59fd07e589487c66', '51');
INSERT INTO `users` (`id`, `firstname`, `lastname`, `email`, `password_hash`, `phone`) VALUES ('191', 'Theresia', 'Hoeger', 'nelson.lindgren@example.com', 'c00703345a4fd815c7f9070538ee967470339b9b', '733150');
INSERT INTO `users` (`id`, `firstname`, `lastname`, `email`, `password_hash`, `phone`) VALUES ('192', 'Corbin', 'Brown', 'sallie.bergnaum@example.org', '61b743bd8cdd329fe13f6e1884563458f13a5bd6', '778');
INSERT INTO `users` (`id`, `firstname`, `lastname`, `email`, `password_hash`, `phone`) VALUES ('193', 'Cleta', 'Kihn', 'ibrahim67@example.org', '368c8b6e0f345300f02b8b052e2e51206071369b', '704');
INSERT INTO `users` (`id`, `firstname`, `lastname`, `email`, `password_hash`, `phone`) VALUES ('194', 'Cleveland', 'Conroy', 'jodie.treutel@example.org', '4d85cc3213927186293f0a7a0b9f7ea97de8d748', '243');
INSERT INTO `users` (`id`, `firstname`, `lastname`, `email`, `password_hash`, `phone`) VALUES ('195', 'Otha', 'Hintz', 'margaret07@example.net', 'd44629a39af62708bf14e0817ee534a3bc247c72', '170689');
INSERT INTO `users` (`id`, `firstname`, `lastname`, `email`, `password_hash`, `phone`) VALUES ('196', 'Elta', 'Sanford', 'bboehm@example.net', 'a23acd6bbd33a2c451ed4716b778cdad30a9ba40', '179000');
INSERT INTO `users` (`id`, `firstname`, `lastname`, `email`, `password_hash`, `phone`) VALUES ('199', 'Myrna', 'Emmerich', 'joana14@example.com', 'c4f653e2cd128433a8741a28a41862ae66ac2e98', '9530616105');


#
# TABLE STRUCTURE FOR: users_communities
#

DROP TABLE IF EXISTS `users_communities`;

CREATE TABLE `users_communities` (
  `user_id` bigint(20) unsigned NOT NULL,
  `community_id` bigint(20) unsigned NOT NULL,
  PRIMARY KEY (`user_id`,`community_id`),
  KEY `community_id` (`community_id`),
  CONSTRAINT `users_communities_ibfk_1` FOREIGN KEY (`user_id`) REFERENCES `users` (`id`),
  CONSTRAINT `users_communities_ibfk_2` FOREIGN KEY (`community_id`) REFERENCES `communities` (`id`)
) ENGINE=InnoDB DEFAULT CHARSET=utf8mb4 COLLATE=utf8mb4_unicode_ci;

INSERT INTO `users_communities` (`user_id`, `community_id`) VALUES ('101', '1');
INSERT INTO `users_communities` (`user_id`, `community_id`) VALUES ('101', '59');
INSERT INTO `users_communities` (`user_id`, `community_id`) VALUES ('102', '2');
INSERT INTO `users_communities` (`user_id`, `community_id`) VALUES ('102', '60');
INSERT INTO `users_communities` (`user_id`, `community_id`) VALUES ('103', '3');
INSERT INTO `users_communities` (`user_id`, `community_id`) VALUES ('103', '61');
INSERT INTO `users_communities` (`user_id`, `community_id`) VALUES ('104', '4');
INSERT INTO `users_communities` (`user_id`, `community_id`) VALUES ('104', '62');
INSERT INTO `users_communities` (`user_id`, `community_id`) VALUES ('106', '5');
INSERT INTO `users_communities` (`user_id`, `community_id`) VALUES ('106', '63');
INSERT INTO `users_communities` (`user_id`, `community_id`) VALUES ('107', '6');
INSERT INTO `users_communities` (`user_id`, `community_id`) VALUES ('107', '64');
INSERT INTO `users_communities` (`user_id`, `community_id`) VALUES ('109', '7');
INSERT INTO `users_communities` (`user_id`, `community_id`) VALUES ('109', '65');
INSERT INTO `users_communities` (`user_id`, `community_id`) VALUES ('111', '8');
INSERT INTO `users_communities` (`user_id`, `community_id`) VALUES ('111', '66');
INSERT INTO `users_communities` (`user_id`, `community_id`) VALUES ('114', '9');
INSERT INTO `users_communities` (`user_id`, `community_id`) VALUES ('114', '67');
INSERT INTO `users_communities` (`user_id`, `community_id`) VALUES ('116', '10');
INSERT INTO `users_communities` (`user_id`, `community_id`) VALUES ('116', '68');
INSERT INTO `users_communities` (`user_id`, `community_id`) VALUES ('117', '11');
INSERT INTO `users_communities` (`user_id`, `community_id`) VALUES ('117', '69');
INSERT INTO `users_communities` (`user_id`, `community_id`) VALUES ('118', '12');
INSERT INTO `users_communities` (`user_id`, `community_id`) VALUES ('118', '70');
INSERT INTO `users_communities` (`user_id`, `community_id`) VALUES ('120', '13');
INSERT INTO `users_communities` (`user_id`, `community_id`) VALUES ('120', '71');
INSERT INTO `users_communities` (`user_id`, `community_id`) VALUES ('121', '14');
INSERT INTO `users_communities` (`user_id`, `community_id`) VALUES ('121', '72');
INSERT INTO `users_communities` (`user_id`, `community_id`) VALUES ('122', '15');
INSERT INTO `users_communities` (`user_id`, `community_id`) VALUES ('122', '73');
INSERT INTO `users_communities` (`user_id`, `community_id`) VALUES ('123', '16');
INSERT INTO `users_communities` (`user_id`, `community_id`) VALUES ('123', '74');
INSERT INTO `users_communities` (`user_id`, `community_id`) VALUES ('124', '17');
INSERT INTO `users_communities` (`user_id`, `community_id`) VALUES ('124', '75');
INSERT INTO `users_communities` (`user_id`, `community_id`) VALUES ('126', '18');
INSERT INTO `users_communities` (`user_id`, `community_id`) VALUES ('126', '76');
INSERT INTO `users_communities` (`user_id`, `community_id`) VALUES ('127', '19');
INSERT INTO `users_communities` (`user_id`, `community_id`) VALUES ('127', '77');
INSERT INTO `users_communities` (`user_id`, `community_id`) VALUES ('129', '20');
INSERT INTO `users_communities` (`user_id`, `community_id`) VALUES ('129', '78');
INSERT INTO `users_communities` (`user_id`, `community_id`) VALUES ('131', '21');
INSERT INTO `users_communities` (`user_id`, `community_id`) VALUES ('131', '79');
INSERT INTO `users_communities` (`user_id`, `community_id`) VALUES ('132', '22');
INSERT INTO `users_communities` (`user_id`, `community_id`) VALUES ('132', '80');
INSERT INTO `users_communities` (`user_id`, `community_id`) VALUES ('133', '23');
INSERT INTO `users_communities` (`user_id`, `community_id`) VALUES ('133', '81');
INSERT INTO `users_communities` (`user_id`, `community_id`) VALUES ('134', '24');
INSERT INTO `users_communities` (`user_id`, `community_id`) VALUES ('134', '82');
INSERT INTO `users_communities` (`user_id`, `community_id`) VALUES ('135', '25');
INSERT INTO `users_communities` (`user_id`, `community_id`) VALUES ('135', '83');
INSERT INTO `users_communities` (`user_id`, `community_id`) VALUES ('136', '26');
INSERT INTO `users_communities` (`user_id`, `community_id`) VALUES ('136', '84');
INSERT INTO `users_communities` (`user_id`, `community_id`) VALUES ('137', '27');
INSERT INTO `users_communities` (`user_id`, `community_id`) VALUES ('137', '85');
INSERT INTO `users_communities` (`user_id`, `community_id`) VALUES ('138', '28');
INSERT INTO `users_communities` (`user_id`, `community_id`) VALUES ('138', '86');
INSERT INTO `users_communities` (`user_id`, `community_id`) VALUES ('140', '29');
INSERT INTO `users_communities` (`user_id`, `community_id`) VALUES ('140', '87');
INSERT INTO `users_communities` (`user_id`, `community_id`) VALUES ('142', '30');
INSERT INTO `users_communities` (`user_id`, `community_id`) VALUES ('142', '88');
INSERT INTO `users_communities` (`user_id`, `community_id`) VALUES ('144', '31');
INSERT INTO `users_communities` (`user_id`, `community_id`) VALUES ('144', '89');
INSERT INTO `users_communities` (`user_id`, `community_id`) VALUES ('145', '32');
INSERT INTO `users_communities` (`user_id`, `community_id`) VALUES ('145', '90');
INSERT INTO `users_communities` (`user_id`, `community_id`) VALUES ('146', '33');
INSERT INTO `users_communities` (`user_id`, `community_id`) VALUES ('146', '91');
INSERT INTO `users_communities` (`user_id`, `community_id`) VALUES ('150', '34');
INSERT INTO `users_communities` (`user_id`, `community_id`) VALUES ('150', '92');
INSERT INTO `users_communities` (`user_id`, `community_id`) VALUES ('151', '35');
INSERT INTO `users_communities` (`user_id`, `community_id`) VALUES ('151', '93');
INSERT INTO `users_communities` (`user_id`, `community_id`) VALUES ('152', '36');
INSERT INTO `users_communities` (`user_id`, `community_id`) VALUES ('152', '94');
INSERT INTO `users_communities` (`user_id`, `community_id`) VALUES ('154', '37');
INSERT INTO `users_communities` (`user_id`, `community_id`) VALUES ('154', '95');
INSERT INTO `users_communities` (`user_id`, `community_id`) VALUES ('157', '38');
INSERT INTO `users_communities` (`user_id`, `community_id`) VALUES ('157', '96');
INSERT INTO `users_communities` (`user_id`, `community_id`) VALUES ('158', '39');
INSERT INTO `users_communities` (`user_id`, `community_id`) VALUES ('158', '97');
INSERT INTO `users_communities` (`user_id`, `community_id`) VALUES ('160', '40');
INSERT INTO `users_communities` (`user_id`, `community_id`) VALUES ('160', '98');
INSERT INTO `users_communities` (`user_id`, `community_id`) VALUES ('161', '41');
INSERT INTO `users_communities` (`user_id`, `community_id`) VALUES ('161', '99');
INSERT INTO `users_communities` (`user_id`, `community_id`) VALUES ('164', '42');
INSERT INTO `users_communities` (`user_id`, `community_id`) VALUES ('164', '100');
INSERT INTO `users_communities` (`user_id`, `community_id`) VALUES ('168', '43');
INSERT INTO `users_communities` (`user_id`, `community_id`) VALUES ('177', '44');
INSERT INTO `users_communities` (`user_id`, `community_id`) VALUES ('178', '45');
INSERT INTO `users_communities` (`user_id`, `community_id`) VALUES ('179', '46');
INSERT INTO `users_communities` (`user_id`, `community_id`) VALUES ('180', '47');
INSERT INTO `users_communities` (`user_id`, `community_id`) VALUES ('183', '48');
INSERT INTO `users_communities` (`user_id`, `community_id`) VALUES ('185', '49');
INSERT INTO `users_communities` (`user_id`, `community_id`) VALUES ('188', '50');
INSERT INTO `users_communities` (`user_id`, `community_id`) VALUES ('190', '51');
INSERT INTO `users_communities` (`user_id`, `community_id`) VALUES ('191', '52');
INSERT INTO `users_communities` (`user_id`, `community_id`) VALUES ('192', '53');
INSERT INTO `users_communities` (`user_id`, `community_id`) VALUES ('193', '54');
INSERT INTO `users_communities` (`user_id`, `community_id`) VALUES ('194', '55');
INSERT INTO `users_communities` (`user_id`, `community_id`) VALUES ('195', '56');
INSERT INTO `users_communities` (`user_id`, `community_id`) VALUES ('196', '57');
INSERT INTO `users_communities` (`user_id`, `community_id`) VALUES ('199', '58');



